DROP TABLE IF EXISTS venta;
DROP TABLE IF EXISTS compra;
DROP TABLE IF EXISTS empleado;
DROP TABLE IF EXISTS revista;

CREATE TABLE revista (
  ISSN              VARCHAR(36),
  titulo            VARCHAR(150)   NOT NULL,
  fechaPublicacion  DATE          NOT NULL,
  stock             INTEGER       NOT NULL,
  PRIMARY KEY (ISSN)
);

CREATE TABLE empleado (
  DNI                 VARCHAR(9),
  nombre              VARCHAR(25) NOT NULL,
  genero              VARCHAR(6)  NOT NULL CHECK(genero = 'Male' OR genero = 'Female'),
  salario             DECIMAL     NOT NULL,
  fechaIncorporacion  DATE        NOT NULL,
  fechaSalida         DATE        NOT NULL,
  PRIMARY KEY (DNI)
);

CREATE TABLE compra (
  id            INTEGER,
  empleado      VARCHAR(9)      NOT NULL,
  ISSN          VARCHAR(36)     NOT NULL,
  fechaCompra   DATE            NOT NULL,
  precioCompra  DECIMAL         NOT NULL,
  cantidad      INTEGER         NOT NULL,
  PRIMARY KEY (id),
  FOREIGN KEY (empleado) REFERENCES empleado(DNI),
  FOREIGN KEY (ISSN) REFERENCES revista(ISSN)
);

CREATE TABLE venta (
  id            INTEGER,
  empleado      VARCHAR(9)      NOT NULL,
  ISSN          VARCHAR(36)     NOT NULL,
  fechaVenta    DATE            NOT NULL,
  precioVenta   DECIMAL         NOT NULL,
  cantidad      INTEGER         NOT NULL,
  PRIMARY KEY (id),
  FOREIGN KEY (empleado) REFERENCES empleado(DNI),
  FOREIGN KEY (ISSN) REFERENCES revista(ISSN)
);

INSERT INTO revista (ISSN, titulo, fechaPublicacion, stock) VALUES ('b211c9f3-435c-46bb-9849-e77812963ff5', 'All In: The Poker Movie', '06-10-2022', 81);
INSERT INTO revista (ISSN, titulo, fechaPublicacion, stock) VALUES ('855ad644-1b96-42a2-9e92-8c0fb5301955', 'Phantom, The', '05-25-2022', 86);
INSERT INTO revista (ISSN, titulo, fechaPublicacion, stock) VALUES ('3ff3c980-dddd-4081-bc28-01320649468f', '20 Seconds of Joy', '07-13-2022', 23);
INSERT INTO revista (ISSN, titulo, fechaPublicacion, stock) VALUES ('e75aa202-1b43-4c3c-80da-cc8e5d5627a0', 'Perils of the Sentimental Swordsman', '02-09-2023', 64);
INSERT INTO revista (ISSN, titulo, fechaPublicacion, stock) VALUES ('568962db-3228-40fe-9d31-eded458b70a5', 'Deathdream (a.k.a. Dead of Night)', '01-30-2023', 59);
INSERT INTO revista (ISSN, titulo, fechaPublicacion, stock) VALUES ('7ca906e2-935e-4025-b31b-d0dacf6fb0be', '48 Shades', '07-16-2022', 85);
INSERT INTO revista (ISSN, titulo, fechaPublicacion, stock) VALUES ('7b845a43-0c45-41a5-9f10-1f8553295497', '51 Birch Street', '09-22-2022', 68);
INSERT INTO revista (ISSN, titulo, fechaPublicacion, stock) VALUES ('a195cf6a-47fa-4e21-9744-cddb6680b6bc', 'Homefront', '11-08-2022', 23);
INSERT INTO revista (ISSN, titulo, fechaPublicacion, stock) VALUES ('8b688403-0faf-49bb-9844-be9bc39f8d76', 'Stars Look Down, The', '03-22-2023', 29);
INSERT INTO revista (ISSN, titulo, fechaPublicacion, stock) VALUES ('98315713-4838-4749-b14a-430147c7a74b', 'Troy', '11-06-2022', 64);
INSERT INTO revista (ISSN, titulo, fechaPublicacion, stock) VALUES ('bdb6c5a3-3cb7-4d15-96d4-e25f544087c4', 'The Story of Alexander Graham Bell', '05-19-2022', 53);
INSERT INTO revista (ISSN, titulo, fechaPublicacion, stock) VALUES ('63719c0f-0803-4680-8904-e5d828b26665', 'She and Her Cat (Kanojo to kanojo no neko)', '03-05-2023', 65);
INSERT INTO revista (ISSN, titulo, fechaPublicacion, stock) VALUES ('9d16f262-91b1-41ef-bce7-d86dd138bf57', 'Eraserhead', '01-26-2023', 67);
INSERT INTO revista (ISSN, titulo, fechaPublicacion, stock) VALUES ('1bf8b75e-cf88-4eeb-8bd9-59c5a8fdb597', 'Mackintosh Man, The', '06-29-2022', 46);
INSERT INTO revista (ISSN, titulo, fechaPublicacion, stock) VALUES ('418c8121-57b0-4a63-ad1d-8969cfb51055', 'Leonard Part 6', '03-16-2023', 10);
INSERT INTO revista (ISSN, titulo, fechaPublicacion, stock) VALUES ('678f6cc9-5063-499a-912b-74ad8f094b24', 'Prom Night III: The Last Kiss', '03-02-2023', 36);
INSERT INTO revista (ISSN, titulo, fechaPublicacion, stock) VALUES ('23f871ec-1bef-4e3b-85eb-33f70805b73b', 'Dracula: Dead and Loving It', '11-10-2022', 38);
INSERT INTO revista (ISSN, titulo, fechaPublicacion, stock) VALUES ('1062d705-857a-4abf-9ab2-3afcaa0198e0', 'Woman, a Gun and a Noodle Shop, A (San qiang pai an jing qi)', '12-10-2022', 48);
INSERT INTO revista (ISSN, titulo, fechaPublicacion, stock) VALUES ('156567b1-2e3f-48a5-88ba-9ca040df5c33', '66 Scenes From America', '05-20-2022', 57);
INSERT INTO revista (ISSN, titulo, fechaPublicacion, stock) VALUES ('39bccedf-d32e-48a6-a6fe-7cf21febcaf2', 'American Swing', '06-29-2022', 76);
INSERT INTO revista (ISSN, titulo, fechaPublicacion, stock) VALUES ('1a5ecb13-1a1b-4eeb-8d96-5eb4c2f260a9', 'Angel in Cracow (Aniol w Krakowie)', '11-02-2022', 10);
INSERT INTO revista (ISSN, titulo, fechaPublicacion, stock) VALUES ('b7d08868-0bff-48ea-bf35-21918a03ccbf', 'Doom', '08-21-2022', 92);
INSERT INTO revista (ISSN, titulo, fechaPublicacion, stock) VALUES ('21f8b0d8-945f-469a-ba08-14bf2df80a3a', 'Town Called Panic, A (Panique au village)', '07-18-2022', 29);
INSERT INTO revista (ISSN, titulo, fechaPublicacion, stock) VALUES ('a7ab3810-cecd-4898-abb0-6ea274d413d1', 'Abominable Dr. Phibes, The', '08-23-2022', 52);
INSERT INTO revista (ISSN, titulo, fechaPublicacion, stock) VALUES ('c9e3bb00-660a-43eb-aae3-bb3148f18c24', 'Last Chance', '09-10-2022', 36);
INSERT INTO revista (ISSN, titulo, fechaPublicacion, stock) VALUES ('0e718b4f-2502-4ec3-9582-e52079d919ac', 'Harry Potter and the Prisoner of Azkaban', '06-16-2022', 23);
INSERT INTO revista (ISSN, titulo, fechaPublicacion, stock) VALUES ('5a795f93-0333-4a2a-a819-01e314c948c1', 'Navigators, The', '04-25-2022', 93);
INSERT INTO revista (ISSN, titulo, fechaPublicacion, stock) VALUES ('c2f857c6-1dfd-4d1a-9faa-ee149ea01fee', 'Dead or Alive 2: Tôbôsha', '09-22-2022', 18);
INSERT INTO revista (ISSN, titulo, fechaPublicacion, stock) VALUES ('9ba29510-1d39-47b9-9543-986190448cc7', 'Truth, The ', '07-12-2022', 65);
INSERT INTO revista (ISSN, titulo, fechaPublicacion, stock) VALUES ('1d13ced5-6f0e-4052-91f7-db9354b1fbda', 'Following Sean', '02-01-2023', 80);
INSERT INTO revista (ISSN, titulo, fechaPublicacion, stock) VALUES ('01e148fc-b88b-4469-935b-fc6f655dc051', 'Prince of Persia: The Sands of Time', '07-27-2022', 97);
INSERT INTO revista (ISSN, titulo, fechaPublicacion, stock) VALUES ('13df4266-5836-426f-9e49-954c6f8c089e', 'Waiter (Ober)', '05-05-2022', 93);
INSERT INTO revista (ISSN, titulo, fechaPublicacion, stock) VALUES ('673c1d08-b7ce-469b-8d58-93c189c0614d', 'Girls on Top', '10-31-2022', 92);
INSERT INTO revista (ISSN, titulo, fechaPublicacion, stock) VALUES ('91455153-35e3-484d-a332-ff2e41f35573', 'Amor?', '02-07-2023', 19);
INSERT INTO revista (ISSN, titulo, fechaPublicacion, stock) VALUES ('8695d76d-3755-46ea-805d-0221b0bb215e', 'Time Machine, The', '11-15-2022', 55);
INSERT INTO revista (ISSN, titulo, fechaPublicacion, stock) VALUES ('ca154a41-f65b-40df-bf1c-1aced1d9c6ca', 'Good Woman, A', '04-27-2022', 6);
INSERT INTO revista (ISSN, titulo, fechaPublicacion, stock) VALUES ('c867edeb-5503-4677-bab0-ca6cadb6dd4d', 'Violet Tendencies', '04-15-2023', 96);
INSERT INTO revista (ISSN, titulo, fechaPublicacion, stock) VALUES ('cf458e45-0742-4e1c-9eb3-e19170f74750', 'Marley', '04-24-2022', 35);
INSERT INTO revista (ISSN, titulo, fechaPublicacion, stock) VALUES ('3c3db3d2-d430-416c-b1f1-19420571b422', 'Caine (Shark!)', '10-20-2022', 34);
INSERT INTO revista (ISSN, titulo, fechaPublicacion, stock) VALUES ('8173e63f-7af5-4a40-8dc6-2eded1a1f595', 'Blue Gate Crossing (Lan se da men)', '08-12-2022', 7);
INSERT INTO revista (ISSN, titulo, fechaPublicacion, stock) VALUES ('59c2e891-6a4c-45ef-9885-01a733416225', 'Merchants of Doubt', '05-05-2022', 30);
INSERT INTO revista (ISSN, titulo, fechaPublicacion, stock) VALUES ('8a8e0323-af2e-43fd-b986-611f4c0427e6', 'Samsara', '01-03-2023', 57);
INSERT INTO revista (ISSN, titulo, fechaPublicacion, stock) VALUES ('ec15a250-3f91-4825-b0aa-6384c0063698', 'Star Trek V: The Final Frontier', '02-05-2023', 9);
INSERT INTO revista (ISSN, titulo, fechaPublicacion, stock) VALUES ('62c680ef-7e2c-425c-9986-e7bce4efd8ae', 'Wedding Director, The (Il regista di matrimoni)', '09-11-2022', 73);
INSERT INTO revista (ISSN, titulo, fechaPublicacion, stock) VALUES ('79234d32-8924-4e50-a978-9b0db97930c5', 'Applause (Applaus)', '07-05-2022', 20);
INSERT INTO revista (ISSN, titulo, fechaPublicacion, stock) VALUES ('0dcd2748-ad7d-4149-b36b-3da75b5a7ccc', 'Cake', '08-31-2022', 82);
INSERT INTO revista (ISSN, titulo, fechaPublicacion, stock) VALUES ('24dd078f-778a-4f47-a809-78e6c245b929', 'Pigs', '11-27-2022', 84);
INSERT INTO revista (ISSN, titulo, fechaPublicacion, stock) VALUES ('801cfacf-afb6-49a4-abbd-bca2926de750', 'Anna', '04-17-2022', 85);
INSERT INTO revista (ISSN, titulo, fechaPublicacion, stock) VALUES ('1c84b904-b1c5-4434-9654-d5075930cd05', 'Stan Helsing', '11-30-2022', 70);
INSERT INTO revista (ISSN, titulo, fechaPublicacion, stock) VALUES ('233e31e3-5b67-448b-9ef4-7d8cb1235559', 'Puss in Boots', '12-11-2022', 100);
INSERT INTO revista (ISSN, titulo, fechaPublicacion, stock) VALUES ('32e1ecdb-e8dc-40cc-b85d-7678ddbd5562', 'Girl Most Likely', '01-09-2023', 56);
INSERT INTO revista (ISSN, titulo, fechaPublicacion, stock) VALUES ('ea24b990-22df-4a03-8548-9839f43ef3cc', 'Hellboy II: The Golden Army', '11-18-2022', 40);
INSERT INTO revista (ISSN, titulo, fechaPublicacion, stock) VALUES ('13712f19-5811-4e8f-8ea0-f36f0f63d8ca', 'Trailer Park Boys: Countdown to Liquor Day', '05-12-2022', 35);
INSERT INTO revista (ISSN, titulo, fechaPublicacion, stock) VALUES ('ef031272-239a-40a2-83f0-d81dc4004b2e', 'Somewhere in Time', '08-31-2022', 24);
INSERT INTO revista (ISSN, titulo, fechaPublicacion, stock) VALUES ('a91f3b47-b05c-46ed-81a9-2f16d494a6e2', 'Man and a Woman, A (Un homme et une femme)', '01-10-2023', 66);
INSERT INTO revista (ISSN, titulo, fechaPublicacion, stock) VALUES ('543be3bb-4126-484c-95c6-9ae0596bff73', 'Changing Times (Les temps qui changent)', '02-20-2023', 69);
INSERT INTO revista (ISSN, titulo, fechaPublicacion, stock) VALUES ('ad85d465-6c89-46e2-a3fa-c1d7f70ddfc9', 'Racing with the Moon', '10-27-2022', 76);
INSERT INTO revista (ISSN, titulo, fechaPublicacion, stock) VALUES ('63a06cb6-7a25-4b36-a866-e659e3f18626', 'Loulou', '10-30-2022', 90);
INSERT INTO revista (ISSN, titulo, fechaPublicacion, stock) VALUES ('75aaac4a-be5b-4c60-9c03-96bc27531ccb', 'Toy Story Toons: Hawaiian Vacation', '06-02-2022', 57);
INSERT INTO revista (ISSN, titulo, fechaPublicacion, stock) VALUES ('46a652e6-cb64-4bf2-8ac9-587b9a8222e6', 'Beginner''s Guide to Endings, A', '03-30-2023', 16);
INSERT INTO revista (ISSN, titulo, fechaPublicacion, stock) VALUES ('14ead6f0-ff30-4ae7-a5cb-ffe2b8c7bb3e', 'Mercredi, folle journée!', '11-30-2022', 74);
INSERT INTO revista (ISSN, titulo, fechaPublicacion, stock) VALUES ('12f440a6-f1b0-4cfb-961e-bde276c2a5a5', 'Lower Depths, The (Les bas-fonds)', '10-16-2022', 42);
INSERT INTO revista (ISSN, titulo, fechaPublicacion, stock) VALUES ('223a2230-7976-4835-9561-01be05e83761', 'Barcelona', '04-03-2023', 41);
INSERT INTO revista (ISSN, titulo, fechaPublicacion, stock) VALUES ('8e0498d4-0e99-4764-813a-e5bdaf0727ce', 'Children of Leningradsky, The', '01-23-2023', 5);
INSERT INTO revista (ISSN, titulo, fechaPublicacion, stock) VALUES ('98bc9083-425b-4505-baf5-48bc4e1d93e7', 'Raising Helen', '03-25-2023', 27);
INSERT INTO revista (ISSN, titulo, fechaPublicacion, stock) VALUES ('da44d4ed-2de4-4103-a554-143dfd793527', 'Vietnam in HD', '10-16-2022', 14);
INSERT INTO revista (ISSN, titulo, fechaPublicacion, stock) VALUES ('65f61fb8-e5ab-4e80-8fb1-d3febe874f66', 'Beyond Outrage', '03-28-2023', 62);
INSERT INTO revista (ISSN, titulo, fechaPublicacion, stock) VALUES ('8906eda6-90c7-4f25-baa4-552c96ac2984', 'Judge and the Assassin, The (Juge et l''assassin, Le)', '01-03-2023', 40);
INSERT INTO revista (ISSN, titulo, fechaPublicacion, stock) VALUES ('0cf2774e-f2d2-4c3f-bdad-d4cbe7122326', 'Big City Blues', '09-20-2022', 6);
INSERT INTO revista (ISSN, titulo, fechaPublicacion, stock) VALUES ('e7c53210-939e-44ac-a554-b375d4f2d167', 'Hitcher, The', '09-19-2022', 84);
INSERT INTO revista (ISSN, titulo, fechaPublicacion, stock) VALUES ('2856d3e4-7157-4139-9b81-c865d8212423', 'Bridget Jones: The Edge of Reason', '11-19-2022', 68);
INSERT INTO revista (ISSN, titulo, fechaPublicacion, stock) VALUES ('dc95fd3a-86a2-4680-965d-48debd867980', 'Free Money', '10-26-2022', 100);
INSERT INTO revista (ISSN, titulo, fechaPublicacion, stock) VALUES ('52820e74-6fc5-42a3-a912-e9f6056b4863', 'Raising Helen', '04-10-2023', 43);
INSERT INTO revista (ISSN, titulo, fechaPublicacion, stock) VALUES ('27cd05fd-db7f-4373-82a7-0332cc63d241', 'Alarmist, The (a.k.a. Life During Wartime)', '08-27-2022', 28);
INSERT INTO revista (ISSN, titulo, fechaPublicacion, stock) VALUES ('573b5ef5-c4d6-4251-9bf9-729c470f5a00', 'Spetters', '12-24-2022', 82);
INSERT INTO revista (ISSN, titulo, fechaPublicacion, stock) VALUES ('23931c0c-dd3d-414b-9996-092ab668c0e4', 'Cool Hand Luke', '03-25-2023', 78);
INSERT INTO revista (ISSN, titulo, fechaPublicacion, stock) VALUES ('5b5d925e-5149-4a2a-8708-04beec892443', 'Chizuko''s Younger Sister (Futari)', '08-06-2022', 83);
INSERT INTO revista (ISSN, titulo, fechaPublicacion, stock) VALUES ('a57b7e19-524d-4628-857f-ba5d01a2f56a', 'When Brendan Met Trudy', '06-28-2022', 3);
INSERT INTO revista (ISSN, titulo, fechaPublicacion, stock) VALUES ('824added-b2eb-45ba-97c1-6b22e7a49ea6', 'Whatever Happened to Aunt Alice?', '02-24-2023', 31);
INSERT INTO revista (ISSN, titulo, fechaPublicacion, stock) VALUES ('ef123de3-9820-4cce-9354-a2299213d334', 'Hunted, The', '12-12-2022', 31);
INSERT INTO revista (ISSN, titulo, fechaPublicacion, stock) VALUES ('599843c8-c7ac-4170-b338-65141fa3a90a', 'Annie', '10-20-2022', 81);
INSERT INTO revista (ISSN, titulo, fechaPublicacion, stock) VALUES ('4b838787-d4f1-4e73-84d2-c8c6aa073726', 'Beaches of Agnes, The (Plages d''Agnès, Les)', '12-18-2022', 89);
INSERT INTO revista (ISSN, titulo, fechaPublicacion, stock) VALUES ('1b0dbea4-e16f-4866-a27b-d0d277ee130c', 'Bus 174 (Ônibus 174)', '09-27-2022', 27);
INSERT INTO revista (ISSN, titulo, fechaPublicacion, stock) VALUES ('ba4780df-c661-495b-9c55-3b495e416728', 'Bull Durham', '03-01-2023', 16);
INSERT INTO revista (ISSN, titulo, fechaPublicacion, stock) VALUES ('988cbae4-426e-40c0-b688-7137bcc17790', 'Murder!', '11-04-2022', 97);
INSERT INTO revista (ISSN, titulo, fechaPublicacion, stock) VALUES ('5458c2b6-d373-4439-8948-2d84ac90e665', 'Wholly Moses', '08-27-2022', 24);
INSERT INTO revista (ISSN, titulo, fechaPublicacion, stock) VALUES ('79850632-4d46-4009-b495-11246b275f7c', 'Oh, Sun (Soleil O)', '07-28-2022', 54);
INSERT INTO revista (ISSN, titulo, fechaPublicacion, stock) VALUES ('706956ad-8ac1-4f59-99ad-27963c1e6f64', 'Dick Tracy vs. Cueball', '08-12-2022', 67);
INSERT INTO revista (ISSN, titulo, fechaPublicacion, stock) VALUES ('7961ba03-684d-4bf4-ae37-7fc50324d3c6', 'Here Comes the Boom', '12-23-2022', 91);
INSERT INTO revista (ISSN, titulo, fechaPublicacion, stock) VALUES ('83bf9ea6-332d-4306-9a7a-501d6c37ef0e', 'Undertow', '07-16-2022', 89);
INSERT INTO revista (ISSN, titulo, fechaPublicacion, stock) VALUES ('98473611-4927-45d3-a8c3-b9d36dd1a0ef', 'Glass-blower''s Children, The (Glasblåsarns barn)', '04-11-2023', 62);
INSERT INTO revista (ISSN, titulo, fechaPublicacion, stock) VALUES ('bdd54a9e-a51f-4a4b-91f3-92fb9adf790f', 'Parental Guidance', '04-19-2022', 89);
INSERT INTO revista (ISSN, titulo, fechaPublicacion, stock) VALUES ('0dbe38a5-afe7-494b-b844-c849d8c0deb5', 'Sometimes They Come Back', '11-14-2022', 3);
INSERT INTO revista (ISSN, titulo, fechaPublicacion, stock) VALUES ('4156487f-f6d5-4c37-bb1b-f421baee6389', 'Man of My Life, The (L''homme de sa vie)', '03-11-2023', 76);
INSERT INTO revista (ISSN, titulo, fechaPublicacion, stock) VALUES ('edf35b2c-0a07-44a4-8b0e-d04fc8ec79bf', 'Knock on Wood', '03-24-2023', 90);
INSERT INTO revista (ISSN, titulo, fechaPublicacion, stock) VALUES ('6ccc24a2-ff09-49f7-bcb4-0845d69745e9', 'End of the Line, The', '03-01-2023', 78);
INSERT INTO revista (ISSN, titulo, fechaPublicacion, stock) VALUES ('7ede286c-d43b-4fdd-993c-4f8bc619ec00', 'Under Capricorn', '01-23-2023', 20);
INSERT INTO revista (ISSN, titulo, fechaPublicacion, stock) VALUES ('f861b451-3fae-48c3-a16b-ec6d5b2c16a0', 'Spanish Apartment, The (L''auberge espagnole)', '07-04-2022', 87);
INSERT INTO revista (ISSN, titulo, fechaPublicacion, stock) VALUES ('7573aeba-be22-433c-b20e-0ae35e1cf8f3', 'Kiss of the Vampire, The', '12-09-2022', 63);
INSERT INTO revista (ISSN, titulo, fechaPublicacion, stock) VALUES ('6e140df6-405f-431a-af23-4c244c504497', 'Kiss the Bride', '01-23-2023', 25);
INSERT INTO revista (ISSN, titulo, fechaPublicacion, stock) VALUES ('e3f46096-7c5d-4e50-8d31-5162999eea9f', 'Friend Zone (Pagafantas)', '10-15-2022', 91);
INSERT INTO revista (ISSN, titulo, fechaPublicacion, stock) VALUES ('4f04797a-f401-47e7-be99-d5ab56beda2c', 'Silver City', '09-26-2022', 1);
INSERT INTO revista (ISSN, titulo, fechaPublicacion, stock) VALUES ('fcc35ae6-7287-4e1e-9028-1697f57b1df6', 'How to Murder Your Wife', '03-15-2023', 74);
INSERT INTO revista (ISSN, titulo, fechaPublicacion, stock) VALUES ('fc0382be-b6db-4d5d-bafe-c9ce98793d36', 'Los Angeles Plays Itself', '05-02-2022', 26);
INSERT INTO revista (ISSN, titulo, fechaPublicacion, stock) VALUES ('ee55a9f8-7448-402c-9457-a7f1119d59bd', 'Great Day in the Morning', '05-04-2022', 3);
INSERT INTO revista (ISSN, titulo, fechaPublicacion, stock) VALUES ('a559ab29-4c7a-4329-aec4-11e6e7447ce7', 'East-West (Est-ouest)', '08-02-2022', 98);
INSERT INTO revista (ISSN, titulo, fechaPublicacion, stock) VALUES ('1e7561dc-b15a-40bf-8f9f-0874c506355e', 'The Student', '12-26-2022', 11);
INSERT INTO revista (ISSN, titulo, fechaPublicacion, stock) VALUES ('e9f2c8fb-b040-469d-b7e0-222cbf0a33a1', 'Return to Sender', '04-18-2022', 7);
INSERT INTO revista (ISSN, titulo, fechaPublicacion, stock) VALUES ('0c8892eb-f65c-4e99-9b1d-d18cba3c130a', 'Last Man, The', '07-09-2022', 80);
INSERT INTO revista (ISSN, titulo, fechaPublicacion, stock) VALUES ('bc1a2ee7-9193-45e7-a72d-a93838c485a6', 'I Am', '05-15-2022', 30);
INSERT INTO revista (ISSN, titulo, fechaPublicacion, stock) VALUES ('025114b5-389e-4b34-b8f8-93085fca7c9f', 'Fire on the Mountain', '06-04-2022', 35);
INSERT INTO revista (ISSN, titulo, fechaPublicacion, stock) VALUES ('845f0d1e-136f-44ba-95ed-59435729a45c', 'General''s Daughter, The', '08-27-2022', 3);
INSERT INTO revista (ISSN, titulo, fechaPublicacion, stock) VALUES ('6806c1a4-9e95-4d05-bd57-7f1a0d33a2c4', 'The Strange Affair', '10-17-2022', 68);
INSERT INTO revista (ISSN, titulo, fechaPublicacion, stock) VALUES ('46bdc2ec-80af-4ab9-b3c4-e10288de8a8a', 'Big Hand for the Little Lady, A', '05-07-2022', 50);
INSERT INTO revista (ISSN, titulo, fechaPublicacion, stock) VALUES ('7b606b2d-2285-4be3-a92e-696eefc89cac', 'Sugarland Express, The', '11-22-2022', 20);
INSERT INTO revista (ISSN, titulo, fechaPublicacion, stock) VALUES ('47949dd1-2763-434a-b032-8bc9f6239a62', 'Riviera', '03-21-2023', 3);
INSERT INTO revista (ISSN, titulo, fechaPublicacion, stock) VALUES ('71f6eb6b-9cd2-4d77-88f5-4b1f40010526', 'Batman: The Dark Knight Returns, Part 2', '12-24-2022', 43);
INSERT INTO revista (ISSN, titulo, fechaPublicacion, stock) VALUES ('78d10919-b85c-416e-9c8c-43e9560a5a84', 'Good Morning, Vietnam', '07-31-2022', 80);
INSERT INTO revista (ISSN, titulo, fechaPublicacion, stock) VALUES ('f549eccb-a3e1-4515-ac19-3aed1166b651', 'Virgin Territory', '01-12-2023', 91);
INSERT INTO revista (ISSN, titulo, fechaPublicacion, stock) VALUES ('4d38209c-f826-4517-9f4a-11140cd08fb1', '(A)sexual', '10-08-2022', 69);
INSERT INTO revista (ISSN, titulo, fechaPublicacion, stock) VALUES ('2995713a-9038-4db1-b2a5-1f8cd471327f', 'Hen Hop', '10-25-2022', 26);
INSERT INTO revista (ISSN, titulo, fechaPublicacion, stock) VALUES ('e4f8ded5-bde1-4ae2-9655-be8e4e547f77', 'Service (Serbis)', '09-29-2022', 63);
INSERT INTO revista (ISSN, titulo, fechaPublicacion, stock) VALUES ('3bd0b99d-8826-4f10-80e7-94696378f41d', 'Railroaded!', '05-21-2022', 27);
INSERT INTO revista (ISSN, titulo, fechaPublicacion, stock) VALUES ('771590dc-de08-43cc-a742-aa4c7986af9d', 'Biggles', '04-07-2023', 71);
INSERT INTO revista (ISSN, titulo, fechaPublicacion, stock) VALUES ('561e087a-2c48-4f6a-a988-91b03ed14fc0', 'Fanny', '12-16-2022', 32);
INSERT INTO revista (ISSN, titulo, fechaPublicacion, stock) VALUES ('d24ff740-1714-406d-9fcf-f664d9414fa3', 'Wendigo', '10-22-2022', 73);
INSERT INTO revista (ISSN, titulo, fechaPublicacion, stock) VALUES ('17a528f2-6a05-4dfc-8f8c-37b843b0d08c', 'German Doctor, The (Wakolda)', '06-25-2022', 87);
INSERT INTO revista (ISSN, titulo, fechaPublicacion, stock) VALUES ('516b7417-6a3b-48aa-bbe2-7489cf2dd219', 'Nas: Time Is Illmatic', '01-11-2023', 77);
INSERT INTO revista (ISSN, titulo, fechaPublicacion, stock) VALUES ('6978e8a5-be39-4d70-9483-07a48e70569f', 'Beneath the 12-Mile Reef', '05-08-2022', 8);
INSERT INTO revista (ISSN, titulo, fechaPublicacion, stock) VALUES ('006a5681-8904-4e7d-85ca-22acc266c8b8', 'Killer, The (Die xue shuang xiong)', '05-02-2022', 37);
INSERT INTO revista (ISSN, titulo, fechaPublicacion, stock) VALUES ('49f882ba-760c-4f70-ba0a-f3f94d8d4811', 'They Have Escaped (He ovat paenneet)', '01-24-2023', 94);
INSERT INTO revista (ISSN, titulo, fechaPublicacion, stock) VALUES ('d378f18d-33c3-4981-be79-5fa07824ec0d', 'Brief Crossing (Brève traversée)', '12-28-2022', 44);
INSERT INTO revista (ISSN, titulo, fechaPublicacion, stock) VALUES ('feb0264b-d67e-4e16-b42c-b16d28f0924b', 'B.N.B. (Bunty Aur Babli)', '03-01-2023', 22);
INSERT INTO revista (ISSN, titulo, fechaPublicacion, stock) VALUES ('43c3c58e-a6b5-4bdd-a2e5-c7655b3899d2', 'Merry Widow, The', '04-02-2023', 94);
INSERT INTO revista (ISSN, titulo, fechaPublicacion, stock) VALUES ('fa62da23-ca7a-41a2-95d7-3accb1e4d181', 'Alice, Sweet Alice (a.k.a. Communion) (a.k.a. Holy Terror)', '01-24-2023', 49);
INSERT INTO revista (ISSN, titulo, fechaPublicacion, stock) VALUES ('d089fa63-7103-494a-8684-ef2f6b8bda8c', 'Tristan & Isolde', '07-08-2022', 48);
INSERT INTO revista (ISSN, titulo, fechaPublicacion, stock) VALUES ('9c88d838-59a6-48f7-b758-a5ac4328fcb3', 'Bill Cunningham New York', '05-31-2022', 49);
INSERT INTO revista (ISSN, titulo, fechaPublicacion, stock) VALUES ('f48c6bad-0048-4cb2-93bb-57b9cc742518', 'Passion Fish', '03-13-2023', 53);
INSERT INTO revista (ISSN, titulo, fechaPublicacion, stock) VALUES ('4d6877a0-f407-4eca-8777-d1654801ec97', 'Good-bye, My Lady', '12-22-2022', 44);
INSERT INTO revista (ISSN, titulo, fechaPublicacion, stock) VALUES ('c6dda3e3-ee72-428a-a449-1900ad82d282', 'Glorious Technicolor', '11-29-2022', 13);
INSERT INTO revista (ISSN, titulo, fechaPublicacion, stock) VALUES ('b29f6eaa-c7f7-4b56-b013-2ff3869b4834', 'What Happened, Miss Simone?', '12-22-2022', 71);
INSERT INTO revista (ISSN, titulo, fechaPublicacion, stock) VALUES ('421491ea-d849-412b-bdf4-57bcf7475a8d', 'Tiny Toon Adventures: How I Spent My Vacation', '08-31-2022', 28);
INSERT INTO revista (ISSN, titulo, fechaPublicacion, stock) VALUES ('d1e0e4dc-6c89-4dd5-83c7-103ae57cea38', 'Wet Parade, The', '04-11-2023', 35);
INSERT INTO revista (ISSN, titulo, fechaPublicacion, stock) VALUES ('92ed329e-3abe-49db-a507-12e6bb8485eb', 'Ballad of Ramblin'' Jack, The', '07-17-2022', 43);
INSERT INTO revista (ISSN, titulo, fechaPublicacion, stock) VALUES ('b9f9685a-05fc-4fec-a942-74ced0a3ab62', 'Dragon Ball Z: Broly - The Legendary Super Saiyan (Doragon bôru Z 8: Moetsukiro!! Nessen retsusen-chô gekisen)', '12-28-2022', 47);
INSERT INTO revista (ISSN, titulo, fechaPublicacion, stock) VALUES ('18362cc7-7f65-4b0f-ae05-a173a93d5867', 'Gifted Hands: The Ben Carson Story', '05-11-2022', 45);
INSERT INTO revista (ISSN, titulo, fechaPublicacion, stock) VALUES ('15771d38-62dc-4b1e-8509-0fb23b03ff9b', 'Hugh Hefner: Playboy, Activist and Rebel', '04-01-2023', 27);
INSERT INTO revista (ISSN, titulo, fechaPublicacion, stock) VALUES ('76fcaa6e-1c43-4cf0-beee-3f35a92cb353', 'Station, The (Blutgletscher)', '03-04-2023', 75);
INSERT INTO revista (ISSN, titulo, fechaPublicacion, stock) VALUES ('402a328e-31f6-4609-b5dc-bf6c4a947b2b', 'Clockstoppers', '07-23-2022', 54);
INSERT INTO revista (ISSN, titulo, fechaPublicacion, stock) VALUES ('324b9490-93ff-4fbd-9023-ac5c83c31b13', 'Shrek 2', '06-30-2022', 12);
INSERT INTO revista (ISSN, titulo, fechaPublicacion, stock) VALUES ('8c854c89-a4a7-4737-b452-26e11868c73f', 'Surfwise', '03-07-2023', 80);
INSERT INTO revista (ISSN, titulo, fechaPublicacion, stock) VALUES ('be12c687-ff25-439e-9fa4-f82ed25401d4', 'Five Minarets in New York (Act of Vengeance) (Terrorist, The)', '08-01-2022', 75);
INSERT INTO revista (ISSN, titulo, fechaPublicacion, stock) VALUES ('103c72c9-a960-4684-ab2a-f476ce4093b2', 'The Dark Matter of Love', '04-29-2022', 59);
INSERT INTO revista (ISSN, titulo, fechaPublicacion, stock) VALUES ('6322ff2e-e115-45e7-8801-c27d49053c4b', 'Tormento', '12-25-2022', 19);
INSERT INTO revista (ISSN, titulo, fechaPublicacion, stock) VALUES ('5ce1c7ce-194b-42c2-b21d-293962fed2d4', 'Glass Bottom Boat, The', '01-22-2023', 75);
INSERT INTO revista (ISSN, titulo, fechaPublicacion, stock) VALUES ('0b440bb1-6e7e-4522-88fb-7a1e5c1bcc60', 'Destry Rides Again', '01-19-2023', 76);
INSERT INTO revista (ISSN, titulo, fechaPublicacion, stock) VALUES ('d439537a-eda4-4edc-9c2b-dde77ddb82ce', 'Lives of a Bengal Lancer, The', '05-29-2022', 59);
INSERT INTO revista (ISSN, titulo, fechaPublicacion, stock) VALUES ('65ba5a78-3400-4d7c-8263-c1de317a02b3', 'OMG Oh My God!', '01-05-2023', 91);
INSERT INTO revista (ISSN, titulo, fechaPublicacion, stock) VALUES ('86900038-b6d4-460c-8932-61aab5ab3251', 'Hercules', '11-17-2022', 25);
INSERT INTO revista (ISSN, titulo, fechaPublicacion, stock) VALUES ('442b8084-7ec5-4de8-9206-cab72270ff18', 'White Lightnin''', '11-01-2022', 63);
INSERT INTO revista (ISSN, titulo, fechaPublicacion, stock) VALUES ('6b17b2b1-3983-4e38-87b6-6da5cb100ab0', 'Herbie: Fully Loaded', '10-27-2022', 2);
INSERT INTO revista (ISSN, titulo, fechaPublicacion, stock) VALUES ('4fb49388-812f-4808-b7f0-2ab92cbadd87', 'Cosmonaut, The', '11-07-2022', 9);
INSERT INTO revista (ISSN, titulo, fechaPublicacion, stock) VALUES ('843f1b70-98e6-41b9-ab29-f38f447f39d9', 'How I Ended This Summer (Kak ya provyol etim letom)', '06-08-2022', 81);
INSERT INTO revista (ISSN, titulo, fechaPublicacion, stock) VALUES ('0e23ea19-a8b0-4479-a1b8-66cc56685ff9', 'Boy (Shônen)', '11-16-2022', 92);
INSERT INTO revista (ISSN, titulo, fechaPublicacion, stock) VALUES ('5ac55dc7-18be-4525-9078-cf85c542014e', 'Man of Aran', '12-18-2022', 32);
INSERT INTO revista (ISSN, titulo, fechaPublicacion, stock) VALUES ('db417d00-eee8-4026-94f4-739ddecb1330', 'Forgetting the Girl', '05-29-2022', 77);
INSERT INTO revista (ISSN, titulo, fechaPublicacion, stock) VALUES ('638e01dc-a163-4210-bcf0-49ff0bfeefb3', 'Madagascar 3: Europe''s Most Wanted', '07-02-2022', 44);
INSERT INTO revista (ISSN, titulo, fechaPublicacion, stock) VALUES ('8d3febae-6ca5-4a47-a7e7-c703b10deaf0', 'Unborn, The', '10-14-2022', 54);
INSERT INTO revista (ISSN, titulo, fechaPublicacion, stock) VALUES ('0f93344e-04a6-437b-acf9-06bca135826f', 'Evening Star, The', '05-11-2022', 12);
INSERT INTO revista (ISSN, titulo, fechaPublicacion, stock) VALUES ('2035376d-a575-47a5-bf61-abce0f79d81b', 'Gods Must Be Crazy, The', '08-17-2022', 100);
INSERT INTO revista (ISSN, titulo, fechaPublicacion, stock) VALUES ('3694571f-33b0-4bb8-906f-e3ae3651c61f', 'Mystery Street', '03-02-2023', 53);
INSERT INTO revista (ISSN, titulo, fechaPublicacion, stock) VALUES ('abc7357c-3563-4c73-91d5-0d7665eb828a', 'Terrible Kids (Enfants terribles, Les) (Strange Ones, The)', '06-12-2022', 97);
INSERT INTO revista (ISSN, titulo, fechaPublicacion, stock) VALUES ('40efc27f-65d5-4665-82d1-13ba80f56571', 'It Happened at the World''s Fair', '06-25-2022', 27);
INSERT INTO revista (ISSN, titulo, fechaPublicacion, stock) VALUES ('1b9c9d14-0db8-4cb5-bc2a-80ccbeaed0e4', 'The Night Evelyn Came Out of the Grave', '10-09-2022', 6);
INSERT INTO revista (ISSN, titulo, fechaPublicacion, stock) VALUES ('51d31f52-25c7-4d01-8a25-8ce3eb07a2a5', 'American Flyers', '12-30-2022', 97);
INSERT INTO revista (ISSN, titulo, fechaPublicacion, stock) VALUES ('a6d18882-fb4a-4762-a20e-4c9364a4ba95', 'L.A. Without a Map', '09-27-2022', 65);
INSERT INTO revista (ISSN, titulo, fechaPublicacion, stock) VALUES ('3ca71e01-b198-4a68-a944-b9b26854c700', 'Man Hunt', '02-15-2023', 91);
INSERT INTO revista (ISSN, titulo, fechaPublicacion, stock) VALUES ('96f64c7a-1e1b-4409-b24d-814791347816', 'Flight 93', '05-31-2022', 69);
INSERT INTO revista (ISSN, titulo, fechaPublicacion, stock) VALUES ('703506b0-cf20-40c4-8439-e5df4f89a192', 'Raise the Red Lantern (Da hong deng long gao gao gua)', '03-16-2023', 51);
INSERT INTO revista (ISSN, titulo, fechaPublicacion, stock) VALUES ('a2de4f28-36fd-4ec5-8c9a-26da18dbb274', 'Rendezvous', '09-18-2022', 91);
INSERT INTO revista (ISSN, titulo, fechaPublicacion, stock) VALUES ('10250ee1-add0-4b28-9299-e3a47b837873', 'Trilogy of Terror II', '05-01-2022', 60);
INSERT INTO revista (ISSN, titulo, fechaPublicacion, stock) VALUES ('c5e4cc60-532a-4928-a9a0-62b7c5907539', 'Inherent Vice', '07-16-2022', 98);
INSERT INTO revista (ISSN, titulo, fechaPublicacion, stock) VALUES ('cc08c45e-866b-4f6c-a751-2feb5a005039', 'I Served the King of England (Obsluhoval jsem anglického krále)', '09-19-2022', 45);
INSERT INTO revista (ISSN, titulo, fechaPublicacion, stock) VALUES ('a3971cf1-871e-4347-82e9-55943c579f16', 'Naked Edge, The', '09-06-2022', 95);
INSERT INTO revista (ISSN, titulo, fechaPublicacion, stock) VALUES ('0b1f5dae-0b67-4799-9345-12d0a935e999', 'Saga of Gosta Berling, The (Gösta Berlings saga)', '01-20-2023', 78);
INSERT INTO revista (ISSN, titulo, fechaPublicacion, stock) VALUES ('342119e7-645d-40a9-99b4-970dce84f7ac', 'At the Circus', '02-23-2023', 31);
INSERT INTO revista (ISSN, titulo, fechaPublicacion, stock) VALUES ('00b7d4f8-4991-47a0-b43b-473060601b27', 'Gun in Betty Lou''s Handbag, The', '10-21-2022', 36);
INSERT INTO revista (ISSN, titulo, fechaPublicacion, stock) VALUES ('75ba1269-a78e-479b-a698-3691539cc319', 'That Touch of Mink', '03-07-2023', 24);
INSERT INTO revista (ISSN, titulo, fechaPublicacion, stock) VALUES ('b91fbc86-0764-4ea9-98b2-5bcf9e7e9064', 'Incredible Hulk Returns, The', '08-05-2022', 26);
INSERT INTO revista (ISSN, titulo, fechaPublicacion, stock) VALUES ('c9e95d89-2a81-4bc9-9675-05d4e749bad7', 'Ossessione', '08-21-2022', 54);
INSERT INTO revista (ISSN, titulo, fechaPublicacion, stock) VALUES ('9c5ee514-7bcc-4590-8ac4-66edc5d7e1e3', 'Trees Lounge', '10-25-2022', 28);
INSERT INTO revista (ISSN, titulo, fechaPublicacion, stock) VALUES ('b144ecbc-df50-4726-b77c-3886915ae75f', 'Purpose', '11-20-2022', 58);
INSERT INTO revista (ISSN, titulo, fechaPublicacion, stock) VALUES ('5b74a8e0-9229-4ada-a520-1d664dc1093a', 'Mía', '10-22-2022', 84);
INSERT INTO revista (ISSN, titulo, fechaPublicacion, stock) VALUES ('6958e403-fa39-4068-97cd-20c5faa6d6f4', 'Silent Hill', '03-14-2023', 82);
INSERT INTO revista (ISSN, titulo, fechaPublicacion, stock) VALUES ('421e6f53-7750-4465-adba-91f9e535166c', 'Man Who Copied, The (Homem Que Copiava, O)', '10-20-2022', 15);
INSERT INTO revista (ISSN, titulo, fechaPublicacion, stock) VALUES ('922f7893-d855-4d93-8eaa-7bdd6868824c', 'It''s Good to Be Alive', '04-06-2023', 13);
INSERT INTO revista (ISSN, titulo, fechaPublicacion, stock) VALUES ('4b761f4c-9c7a-401a-b6b9-73d440182afa', 'Family Plot', '05-07-2022', 39);
INSERT INTO revista (ISSN, titulo, fechaPublicacion, stock) VALUES ('1d52a83b-ad24-484d-8153-d60b9dcd7122', 'Kill Theory', '07-20-2022', 9);
INSERT INTO revista (ISSN, titulo, fechaPublicacion, stock) VALUES ('76d03fec-8923-442e-984d-5f26c5063503', 'October Sky', '08-05-2022', 22);
INSERT INTO revista (ISSN, titulo, fechaPublicacion, stock) VALUES ('9f3d64ba-91fb-4b3b-956e-0adc0803e09b', 'Chico & Rita', '03-21-2023', 9);

INSERT INTO empleado (DNI, nombre, genero, salario, fechaIncorporacion, fechaSalida) VALUES ('33086712J', 'Griffy', 'Male', 1327.27, '06-24-2022', '07-25-2022');
INSERT INTO empleado (DNI, nombre, genero, salario, fechaIncorporacion, fechaSalida) VALUES ('39522937C', 'Siusan', 'Female', 1327.27, '01-22-2023', '02-16-2023');
INSERT INTO empleado (DNI, nombre, genero, salario, fechaIncorporacion, fechaSalida) VALUES ('27113819W', 'Cherrita', 'Female', 1327.27, '07-18-2022', '03-18-2023');
INSERT INTO empleado (DNI, nombre, genero, salario, fechaIncorporacion, fechaSalida) VALUES ('51380950L', 'Tally', 'Male', 1327.27, '04-10-2022', '12-31-2022');

INSERT INTO compra (id, empleado, ISSN, fechaCompra, precioCompra, cantidad) VALUES (0, '39522937C', 'b211c9f3-435c-46bb-9849-e77812963ff5', '01-22-2023', 78.91, 84);
INSERT INTO compra (id, empleado, ISSN, fechaCompra, precioCompra, cantidad) VALUES (1, '27113819W', '855ad644-1b96-42a2-9e92-8c0fb5301955', '07-18-2022', 28.46, 13);
INSERT INTO compra (id, empleado, ISSN, fechaCompra, precioCompra, cantidad) VALUES (2, '51380950L', '3ff3c980-dddd-4081-bc28-01320649468f', '04-10-2022', 55.31, 41);
INSERT INTO compra (id, empleado, ISSN, fechaCompra, precioCompra, cantidad) VALUES (3, '33086712J', 'e75aa202-1b43-4c3c-80da-cc8e5d5627a0', '06-24-2022', 9.69, 91);
INSERT INTO compra (id, empleado, ISSN, fechaCompra, precioCompra, cantidad) VALUES (4, '39522937C', '568962db-3228-40fe-9d31-eded458b70a5', '01-22-2023', 57.06, 34);
INSERT INTO compra (id, empleado, ISSN, fechaCompra, precioCompra, cantidad) VALUES (5, '27113819W', '7ca906e2-935e-4025-b31b-d0dacf6fb0be', '07-18-2022', 48.64, 90);
INSERT INTO compra (id, empleado, ISSN, fechaCompra, precioCompra, cantidad) VALUES (6, '51380950L', '7b845a43-0c45-41a5-9f10-1f8553295497', '04-10-2022', 35.1, 58);
INSERT INTO compra (id, empleado, ISSN, fechaCompra, precioCompra, cantidad) VALUES (7, '33086712J', 'a195cf6a-47fa-4e21-9744-cddb6680b6bc', '06-24-2022', 83.12, 6);
INSERT INTO compra (id, empleado, ISSN, fechaCompra, precioCompra, cantidad) VALUES (8, '39522937C', '8b688403-0faf-49bb-9844-be9bc39f8d76', '01-22-2023', 25.95, 22);
INSERT INTO compra (id, empleado, ISSN, fechaCompra, precioCompra, cantidad) VALUES (9, '27113819W', '98315713-4838-4749-b14a-430147c7a74b', '07-18-2022', 30.01, 43);
INSERT INTO compra (id, empleado, ISSN, fechaCompra, precioCompra, cantidad) VALUES (10, '51380950L', 'bdb6c5a3-3cb7-4d15-96d4-e25f544087c4', '04-10-2022', 26.12, 39);
INSERT INTO compra (id, empleado, ISSN, fechaCompra, precioCompra, cantidad) VALUES (11, '33086712J', '63719c0f-0803-4680-8904-e5d828b26665', '06-24-2022', 59.15, 65);
INSERT INTO compra (id, empleado, ISSN, fechaCompra, precioCompra, cantidad) VALUES (12, '39522937C', '9d16f262-91b1-41ef-bce7-d86dd138bf57', '01-22-2023', 86.28, 68);
INSERT INTO compra (id, empleado, ISSN, fechaCompra, precioCompra, cantidad) VALUES (13, '27113819W', '1bf8b75e-cf88-4eeb-8bd9-59c5a8fdb597', '07-18-2022', 85.22, 87);
INSERT INTO compra (id, empleado, ISSN, fechaCompra, precioCompra, cantidad) VALUES (14, '51380950L', '418c8121-57b0-4a63-ad1d-8969cfb51055', '04-10-2022', 91.34, 57);
INSERT INTO compra (id, empleado, ISSN, fechaCompra, precioCompra, cantidad) VALUES (15, '33086712J', '678f6cc9-5063-499a-912b-74ad8f094b24', '06-24-2022', 22.37, 24);
INSERT INTO compra (id, empleado, ISSN, fechaCompra, precioCompra, cantidad) VALUES (16, '39522937C', '23f871ec-1bef-4e3b-85eb-33f70805b73b', '01-22-2023', 40.28, 70);
INSERT INTO compra (id, empleado, ISSN, fechaCompra, precioCompra, cantidad) VALUES (17, '27113819W', '1062d705-857a-4abf-9ab2-3afcaa0198e0', '07-18-2022', 78.69, 38);
INSERT INTO compra (id, empleado, ISSN, fechaCompra, precioCompra, cantidad) VALUES (18, '51380950L', '156567b1-2e3f-48a5-88ba-9ca040df5c33', '04-10-2022', 66.64, 14);
INSERT INTO compra (id, empleado, ISSN, fechaCompra, precioCompra, cantidad) VALUES (19, '33086712J', '39bccedf-d32e-48a6-a6fe-7cf21febcaf2', '06-24-2022', 19.02, 74);
INSERT INTO compra (id, empleado, ISSN, fechaCompra, precioCompra, cantidad) VALUES (20, '39522937C', '1a5ecb13-1a1b-4eeb-8d96-5eb4c2f260a9', '01-22-2023', 35.54, 50);
INSERT INTO compra (id, empleado, ISSN, fechaCompra, precioCompra, cantidad) VALUES (21, '27113819W', 'b7d08868-0bff-48ea-bf35-21918a03ccbf', '07-18-2022', 40.35, 49);
INSERT INTO compra (id, empleado, ISSN, fechaCompra, precioCompra, cantidad) VALUES (22, '51380950L', '21f8b0d8-945f-469a-ba08-14bf2df80a3a', '04-10-2022', 84.17, 65);
INSERT INTO compra (id, empleado, ISSN, fechaCompra, precioCompra, cantidad) VALUES (23, '33086712J', 'a7ab3810-cecd-4898-abb0-6ea274d413d1', '06-24-2022', 4.61, 91);
INSERT INTO compra (id, empleado, ISSN, fechaCompra, precioCompra, cantidad) VALUES (24, '39522937C', 'c9e3bb00-660a-43eb-aae3-bb3148f18c24', '01-22-2023', 58.2, 65);
INSERT INTO compra (id, empleado, ISSN, fechaCompra, precioCompra, cantidad) VALUES (25, '27113819W', '0e718b4f-2502-4ec3-9582-e52079d919ac', '07-18-2022', 57.55, 1);
INSERT INTO compra (id, empleado, ISSN, fechaCompra, precioCompra, cantidad) VALUES (26, '51380950L', '5a795f93-0333-4a2a-a819-01e314c948c1', '04-10-2022', 33.45, 89);
INSERT INTO compra (id, empleado, ISSN, fechaCompra, precioCompra, cantidad) VALUES (27, '33086712J', 'c2f857c6-1dfd-4d1a-9faa-ee149ea01fee', '06-24-2022', 5.29, 6);
INSERT INTO compra (id, empleado, ISSN, fechaCompra, precioCompra, cantidad) VALUES (28, '39522937C', '9ba29510-1d39-47b9-9543-986190448cc7', '01-22-2023', 1.45, 62);
INSERT INTO compra (id, empleado, ISSN, fechaCompra, precioCompra, cantidad) VALUES (29, '27113819W', '1d13ced5-6f0e-4052-91f7-db9354b1fbda', '07-18-2022', 44.51, 27);
INSERT INTO compra (id, empleado, ISSN, fechaCompra, precioCompra, cantidad) VALUES (30, '51380950L', '01e148fc-b88b-4469-935b-fc6f655dc051', '04-10-2022', 61.3, 26);
INSERT INTO compra (id, empleado, ISSN, fechaCompra, precioCompra, cantidad) VALUES (31, '33086712J', '13df4266-5836-426f-9e49-954c6f8c089e', '06-24-2022', 17.68, 88);
INSERT INTO compra (id, empleado, ISSN, fechaCompra, precioCompra, cantidad) VALUES (32, '39522937C', '673c1d08-b7ce-469b-8d58-93c189c0614d', '01-22-2023', 75.58, 90);
INSERT INTO compra (id, empleado, ISSN, fechaCompra, precioCompra, cantidad) VALUES (33, '27113819W', '91455153-35e3-484d-a332-ff2e41f35573', '07-18-2022', 89.21, 57);
INSERT INTO compra (id, empleado, ISSN, fechaCompra, precioCompra, cantidad) VALUES (34, '51380950L', '8695d76d-3755-46ea-805d-0221b0bb215e', '04-10-2022', 97.55, 85);
INSERT INTO compra (id, empleado, ISSN, fechaCompra, precioCompra, cantidad) VALUES (35, '33086712J', 'ca154a41-f65b-40df-bf1c-1aced1d9c6ca', '06-24-2022', 66.52, 100);
INSERT INTO compra (id, empleado, ISSN, fechaCompra, precioCompra, cantidad) VALUES (36, '39522937C', 'c867edeb-5503-4677-bab0-ca6cadb6dd4d', '01-22-2023', 86.42, 78);
INSERT INTO compra (id, empleado, ISSN, fechaCompra, precioCompra, cantidad) VALUES (37, '27113819W', 'cf458e45-0742-4e1c-9eb3-e19170f74750', '07-18-2022', 33.93, 54);
INSERT INTO compra (id, empleado, ISSN, fechaCompra, precioCompra, cantidad) VALUES (38, '51380950L', '3c3db3d2-d430-416c-b1f1-19420571b422', '04-10-2022', 23.86, 1);
INSERT INTO compra (id, empleado, ISSN, fechaCompra, precioCompra, cantidad) VALUES (39, '33086712J', '8173e63f-7af5-4a40-8dc6-2eded1a1f595', '06-24-2022', 7.76, 58);
INSERT INTO compra (id, empleado, ISSN, fechaCompra, precioCompra, cantidad) VALUES (40, '39522937C', '59c2e891-6a4c-45ef-9885-01a733416225', '01-22-2023', 40.42, 77);
INSERT INTO compra (id, empleado, ISSN, fechaCompra, precioCompra, cantidad) VALUES (41, '27113819W', '8a8e0323-af2e-43fd-b986-611f4c0427e6', '07-18-2022', 12.78, 35);
INSERT INTO compra (id, empleado, ISSN, fechaCompra, precioCompra, cantidad) VALUES (42, '51380950L', 'ec15a250-3f91-4825-b0aa-6384c0063698', '04-10-2022', 37.42, 66);
INSERT INTO compra (id, empleado, ISSN, fechaCompra, precioCompra, cantidad) VALUES (43, '33086712J', '62c680ef-7e2c-425c-9986-e7bce4efd8ae', '06-24-2022', 24.77, 45);
INSERT INTO compra (id, empleado, ISSN, fechaCompra, precioCompra, cantidad) VALUES (44, '39522937C', '79234d32-8924-4e50-a978-9b0db97930c5', '01-22-2023', 79.06, 55);
INSERT INTO compra (id, empleado, ISSN, fechaCompra, precioCompra, cantidad) VALUES (45, '27113819W', '0dcd2748-ad7d-4149-b36b-3da75b5a7ccc', '07-18-2022', 72.95, 99);
INSERT INTO compra (id, empleado, ISSN, fechaCompra, precioCompra, cantidad) VALUES (46, '51380950L', '24dd078f-778a-4f47-a809-78e6c245b929', '04-10-2022', 82.39, 48);
INSERT INTO compra (id, empleado, ISSN, fechaCompra, precioCompra, cantidad) VALUES (47, '33086712J', '801cfacf-afb6-49a4-abbd-bca2926de750', '06-24-2022', 25.03, 55);
INSERT INTO compra (id, empleado, ISSN, fechaCompra, precioCompra, cantidad) VALUES (48, '39522937C', '1c84b904-b1c5-4434-9654-d5075930cd05', '01-22-2023', 8.29, 28);
INSERT INTO compra (id, empleado, ISSN, fechaCompra, precioCompra, cantidad) VALUES (49, '27113819W', '233e31e3-5b67-448b-9ef4-7d8cb1235559', '07-18-2022', 31.53, 74);
INSERT INTO compra (id, empleado, ISSN, fechaCompra, precioCompra, cantidad) VALUES (50, '51380950L', '32e1ecdb-e8dc-40cc-b85d-7678ddbd5562', '04-10-2022', 79.54, 81);
INSERT INTO compra (id, empleado, ISSN, fechaCompra, precioCompra, cantidad) VALUES (51, '33086712J', 'ea24b990-22df-4a03-8548-9839f43ef3cc', '06-24-2022', 73.19, 27);
INSERT INTO compra (id, empleado, ISSN, fechaCompra, precioCompra, cantidad) VALUES (52, '39522937C', '13712f19-5811-4e8f-8ea0-f36f0f63d8ca', '01-22-2023', 41.75, 38);
INSERT INTO compra (id, empleado, ISSN, fechaCompra, precioCompra, cantidad) VALUES (53, '27113819W', 'ef031272-239a-40a2-83f0-d81dc4004b2e', '07-18-2022', 24.45, 77);
INSERT INTO compra (id, empleado, ISSN, fechaCompra, precioCompra, cantidad) VALUES (54, '51380950L', 'a91f3b47-b05c-46ed-81a9-2f16d494a6e2', '04-10-2022', 2.26, 4);
INSERT INTO compra (id, empleado, ISSN, fechaCompra, precioCompra, cantidad) VALUES (55, '33086712J', '543be3bb-4126-484c-95c6-9ae0596bff73', '06-24-2022', 45.3, 26);
INSERT INTO compra (id, empleado, ISSN, fechaCompra, precioCompra, cantidad) VALUES (56, '39522937C', 'ad85d465-6c89-46e2-a3fa-c1d7f70ddfc9', '01-22-2023', 84.97, 17);
INSERT INTO compra (id, empleado, ISSN, fechaCompra, precioCompra, cantidad) VALUES (57, '27113819W', '63a06cb6-7a25-4b36-a866-e659e3f18626', '07-18-2022', 98.01, 100);
INSERT INTO compra (id, empleado, ISSN, fechaCompra, precioCompra, cantidad) VALUES (58, '51380950L', '75aaac4a-be5b-4c60-9c03-96bc27531ccb', '04-10-2022', 21.69, 59);
INSERT INTO compra (id, empleado, ISSN, fechaCompra, precioCompra, cantidad) VALUES (59, '33086712J', '46a652e6-cb64-4bf2-8ac9-587b9a8222e6', '06-24-2022', 46.17, 42);
INSERT INTO compra (id, empleado, ISSN, fechaCompra, precioCompra, cantidad) VALUES (60, '39522937C', '14ead6f0-ff30-4ae7-a5cb-ffe2b8c7bb3e', '01-22-2023', 31.62, 67);
INSERT INTO compra (id, empleado, ISSN, fechaCompra, precioCompra, cantidad) VALUES (61, '27113819W', '12f440a6-f1b0-4cfb-961e-bde276c2a5a5', '07-18-2022', 23.87, 6);
INSERT INTO compra (id, empleado, ISSN, fechaCompra, precioCompra, cantidad) VALUES (62, '51380950L', '223a2230-7976-4835-9561-01be05e83761', '04-10-2022', 1.31, 18);
INSERT INTO compra (id, empleado, ISSN, fechaCompra, precioCompra, cantidad) VALUES (63, '33086712J', '8e0498d4-0e99-4764-813a-e5bdaf0727ce', '06-24-2022', 30.35, 73);
INSERT INTO compra (id, empleado, ISSN, fechaCompra, precioCompra, cantidad) VALUES (64, '39522937C', '98bc9083-425b-4505-baf5-48bc4e1d93e7', '01-22-2023', 70.43, 86);
INSERT INTO compra (id, empleado, ISSN, fechaCompra, precioCompra, cantidad) VALUES (65, '27113819W', 'da44d4ed-2de4-4103-a554-143dfd793527', '07-18-2022', 84.63, 95);
INSERT INTO compra (id, empleado, ISSN, fechaCompra, precioCompra, cantidad) VALUES (66, '51380950L', '65f61fb8-e5ab-4e80-8fb1-d3febe874f66', '04-10-2022', 79.11, 54);
INSERT INTO compra (id, empleado, ISSN, fechaCompra, precioCompra, cantidad) VALUES (67, '33086712J', '8906eda6-90c7-4f25-baa4-552c96ac2984', '06-24-2022', 22.85, 90);
INSERT INTO compra (id, empleado, ISSN, fechaCompra, precioCompra, cantidad) VALUES (68, '39522937C', '0cf2774e-f2d2-4c3f-bdad-d4cbe7122326', '01-22-2023', 32.9, 36);
INSERT INTO compra (id, empleado, ISSN, fechaCompra, precioCompra, cantidad) VALUES (69, '27113819W', 'e7c53210-939e-44ac-a554-b375d4f2d167', '07-18-2022', 86.16, 78);
INSERT INTO compra (id, empleado, ISSN, fechaCompra, precioCompra, cantidad) VALUES (70, '51380950L', '2856d3e4-7157-4139-9b81-c865d8212423', '04-10-2022', 93.97, 77);
INSERT INTO compra (id, empleado, ISSN, fechaCompra, precioCompra, cantidad) VALUES (71, '33086712J', 'dc95fd3a-86a2-4680-965d-48debd867980', '06-24-2022', 100.19, 20);
INSERT INTO compra (id, empleado, ISSN, fechaCompra, precioCompra, cantidad) VALUES (72, '39522937C', '52820e74-6fc5-42a3-a912-e9f6056b4863', '01-22-2023', 57.31, 80);
INSERT INTO compra (id, empleado, ISSN, fechaCompra, precioCompra, cantidad) VALUES (73, '27113819W', '27cd05fd-db7f-4373-82a7-0332cc63d241', '07-18-2022', 61.55, 48);
INSERT INTO compra (id, empleado, ISSN, fechaCompra, precioCompra, cantidad) VALUES (74, '51380950L', '573b5ef5-c4d6-4251-9bf9-729c470f5a00', '04-10-2022', 69.43, 46);
INSERT INTO compra (id, empleado, ISSN, fechaCompra, precioCompra, cantidad) VALUES (75, '33086712J', '23931c0c-dd3d-414b-9996-092ab668c0e4', '06-24-2022', 77.64, 30);
INSERT INTO compra (id, empleado, ISSN, fechaCompra, precioCompra, cantidad) VALUES (76, '39522937C', '5b5d925e-5149-4a2a-8708-04beec892443', '01-22-2023', 41.65, 4);
INSERT INTO compra (id, empleado, ISSN, fechaCompra, precioCompra, cantidad) VALUES (77, '27113819W', 'a57b7e19-524d-4628-857f-ba5d01a2f56a', '07-18-2022', 39.78, 39);
INSERT INTO compra (id, empleado, ISSN, fechaCompra, precioCompra, cantidad) VALUES (78, '51380950L', '824added-b2eb-45ba-97c1-6b22e7a49ea6', '04-10-2022', 47.32, 38);
INSERT INTO compra (id, empleado, ISSN, fechaCompra, precioCompra, cantidad) VALUES (79, '33086712J', 'ef123de3-9820-4cce-9354-a2299213d334', '06-24-2022', 87.03, 14);
INSERT INTO compra (id, empleado, ISSN, fechaCompra, precioCompra, cantidad) VALUES (80, '39522937C', '599843c8-c7ac-4170-b338-65141fa3a90a', '01-22-2023', 20.39, 27);
INSERT INTO compra (id, empleado, ISSN, fechaCompra, precioCompra, cantidad) VALUES (81, '27113819W', '4b838787-d4f1-4e73-84d2-c8c6aa073726', '07-18-2022', 29.19, 57);
INSERT INTO compra (id, empleado, ISSN, fechaCompra, precioCompra, cantidad) VALUES (82, '51380950L', '1b0dbea4-e16f-4866-a27b-d0d277ee130c', '04-10-2022', 39.42, 21);
INSERT INTO compra (id, empleado, ISSN, fechaCompra, precioCompra, cantidad) VALUES (83, '33086712J', 'ba4780df-c661-495b-9c55-3b495e416728', '06-24-2022', 39.35, 2);
INSERT INTO compra (id, empleado, ISSN, fechaCompra, precioCompra, cantidad) VALUES (84, '39522937C', '988cbae4-426e-40c0-b688-7137bcc17790', '01-22-2023', 14.54, 72);
INSERT INTO compra (id, empleado, ISSN, fechaCompra, precioCompra, cantidad) VALUES (85, '27113819W', '5458c2b6-d373-4439-8948-2d84ac90e665', '07-18-2022', 53.31, 69);
INSERT INTO compra (id, empleado, ISSN, fechaCompra, precioCompra, cantidad) VALUES (86, '51380950L', '79850632-4d46-4009-b495-11246b275f7c', '04-10-2022', 64.05, 37);
INSERT INTO compra (id, empleado, ISSN, fechaCompra, precioCompra, cantidad) VALUES (87, '33086712J', '706956ad-8ac1-4f59-99ad-27963c1e6f64', '06-24-2022', 71.92, 22);
INSERT INTO compra (id, empleado, ISSN, fechaCompra, precioCompra, cantidad) VALUES (88, '39522937C', '7961ba03-684d-4bf4-ae37-7fc50324d3c6', '01-22-2023', 18.21, 71);
INSERT INTO compra (id, empleado, ISSN, fechaCompra, precioCompra, cantidad) VALUES (89, '27113819W', '83bf9ea6-332d-4306-9a7a-501d6c37ef0e', '07-18-2022', 36.47, 53);
INSERT INTO compra (id, empleado, ISSN, fechaCompra, precioCompra, cantidad) VALUES (90, '51380950L', '98473611-4927-45d3-a8c3-b9d36dd1a0ef', '04-10-2022', 3.81, 3);
INSERT INTO compra (id, empleado, ISSN, fechaCompra, precioCompra, cantidad) VALUES (91, '33086712J', 'bdd54a9e-a51f-4a4b-91f3-92fb9adf790f', '06-24-2022', 67.76, 54);
INSERT INTO compra (id, empleado, ISSN, fechaCompra, precioCompra, cantidad) VALUES (92, '39522937C', '0dbe38a5-afe7-494b-b844-c849d8c0deb5', '01-22-2023', 48.06, 34);
INSERT INTO compra (id, empleado, ISSN, fechaCompra, precioCompra, cantidad) VALUES (93, '27113819W', '4156487f-f6d5-4c37-bb1b-f421baee6389', '07-18-2022', 79.57, 82);
INSERT INTO compra (id, empleado, ISSN, fechaCompra, precioCompra, cantidad) VALUES (94, '51380950L', 'edf35b2c-0a07-44a4-8b0e-d04fc8ec79bf', '04-10-2022', 32.61, 75);
INSERT INTO compra (id, empleado, ISSN, fechaCompra, precioCompra, cantidad) VALUES (95, '33086712J', '6ccc24a2-ff09-49f7-bcb4-0845d69745e9', '06-24-2022', 34.02, 28);
INSERT INTO compra (id, empleado, ISSN, fechaCompra, precioCompra, cantidad) VALUES (96, '39522937C', '7ede286c-d43b-4fdd-993c-4f8bc619ec00', '01-22-2023', 10.23, 85);
INSERT INTO compra (id, empleado, ISSN, fechaCompra, precioCompra, cantidad) VALUES (97, '27113819W', 'f861b451-3fae-48c3-a16b-ec6d5b2c16a0', '07-18-2022', 13.58, 58);
INSERT INTO compra (id, empleado, ISSN, fechaCompra, precioCompra, cantidad) VALUES (98, '51380950L', '7573aeba-be22-433c-b20e-0ae35e1cf8f3', '04-10-2022', 85.85, 44);
INSERT INTO compra (id, empleado, ISSN, fechaCompra, precioCompra, cantidad) VALUES (99, '33086712J', '6e140df6-405f-431a-af23-4c244c504497', '06-24-2022', 25.45, 14);
INSERT INTO compra (id, empleado, ISSN, fechaCompra, precioCompra, cantidad) VALUES (100, '39522937C', 'e3f46096-7c5d-4e50-8d31-5162999eea9f', '01-22-2023', 17.62, 45);
INSERT INTO compra (id, empleado, ISSN, fechaCompra, precioCompra, cantidad) VALUES (101, '27113819W', '4f04797a-f401-47e7-be99-d5ab56beda2c', '07-18-2022', 17.06, 51);
INSERT INTO compra (id, empleado, ISSN, fechaCompra, precioCompra, cantidad) VALUES (102, '51380950L', 'fcc35ae6-7287-4e1e-9028-1697f57b1df6', '04-10-2022', 45.98, 58);
INSERT INTO compra (id, empleado, ISSN, fechaCompra, precioCompra, cantidad) VALUES (103, '33086712J', 'fc0382be-b6db-4d5d-bafe-c9ce98793d36', '06-24-2022', 37.81, 24);
INSERT INTO compra (id, empleado, ISSN, fechaCompra, precioCompra, cantidad) VALUES (104, '39522937C', 'ee55a9f8-7448-402c-9457-a7f1119d59bd', '01-22-2023', 70.29, 83);
INSERT INTO compra (id, empleado, ISSN, fechaCompra, precioCompra, cantidad) VALUES (105, '27113819W', 'a559ab29-4c7a-4329-aec4-11e6e7447ce7', '07-18-2022', 70.27, 41);
INSERT INTO compra (id, empleado, ISSN, fechaCompra, precioCompra, cantidad) VALUES (106, '51380950L', '1e7561dc-b15a-40bf-8f9f-0874c506355e', '04-10-2022', 35.79, 86);
INSERT INTO compra (id, empleado, ISSN, fechaCompra, precioCompra, cantidad) VALUES (107, '33086712J', 'e9f2c8fb-b040-469d-b7e0-222cbf0a33a1', '06-24-2022', 31.61, 54);
INSERT INTO compra (id, empleado, ISSN, fechaCompra, precioCompra, cantidad) VALUES (108, '39522937C', '0c8892eb-f65c-4e99-9b1d-d18cba3c130a', '01-22-2023', 88.69, 93);
INSERT INTO compra (id, empleado, ISSN, fechaCompra, precioCompra, cantidad) VALUES (109, '27113819W', 'bc1a2ee7-9193-45e7-a72d-a93838c485a6', '07-18-2022', 91.31, 59);
INSERT INTO compra (id, empleado, ISSN, fechaCompra, precioCompra, cantidad) VALUES (110, '51380950L', '025114b5-389e-4b34-b8f8-93085fca7c9f', '04-10-2022', 81.69, 34);
INSERT INTO compra (id, empleado, ISSN, fechaCompra, precioCompra, cantidad) VALUES (111, '33086712J', '845f0d1e-136f-44ba-95ed-59435729a45c', '06-24-2022', 6.14, 71);
INSERT INTO compra (id, empleado, ISSN, fechaCompra, precioCompra, cantidad) VALUES (112, '39522937C', '6806c1a4-9e95-4d05-bd57-7f1a0d33a2c4', '01-22-2023', 33.54, 52);
INSERT INTO compra (id, empleado, ISSN, fechaCompra, precioCompra, cantidad) VALUES (113, '27113819W', '46bdc2ec-80af-4ab9-b3c4-e10288de8a8a', '07-18-2022', 32.94, 13);
INSERT INTO compra (id, empleado, ISSN, fechaCompra, precioCompra, cantidad) VALUES (114, '51380950L', '7b606b2d-2285-4be3-a92e-696eefc89cac', '04-10-2022', 92.6, 65);
INSERT INTO compra (id, empleado, ISSN, fechaCompra, precioCompra, cantidad) VALUES (115, '33086712J', '47949dd1-2763-434a-b032-8bc9f6239a62', '06-24-2022', 1.32, 12);
INSERT INTO compra (id, empleado, ISSN, fechaCompra, precioCompra, cantidad) VALUES (116, '39522937C', '71f6eb6b-9cd2-4d77-88f5-4b1f40010526', '01-22-2023', 79.46, 1);
INSERT INTO compra (id, empleado, ISSN, fechaCompra, precioCompra, cantidad) VALUES (117, '27113819W', '78d10919-b85c-416e-9c8c-43e9560a5a84', '07-18-2022', 44.69, 50);
INSERT INTO compra (id, empleado, ISSN, fechaCompra, precioCompra, cantidad) VALUES (118, '51380950L', 'f549eccb-a3e1-4515-ac19-3aed1166b651', '04-10-2022', 97.29, 30);
INSERT INTO compra (id, empleado, ISSN, fechaCompra, precioCompra, cantidad) VALUES (119, '33086712J', '4d38209c-f826-4517-9f4a-11140cd08fb1', '06-24-2022', 8.02, 35);
INSERT INTO compra (id, empleado, ISSN, fechaCompra, precioCompra, cantidad) VALUES (120, '39522937C', '2995713a-9038-4db1-b2a5-1f8cd471327f', '01-22-2023', 92.35, 84);
INSERT INTO compra (id, empleado, ISSN, fechaCompra, precioCompra, cantidad) VALUES (121, '27113819W', 'e4f8ded5-bde1-4ae2-9655-be8e4e547f77', '07-18-2022', 60.9, 75);
INSERT INTO compra (id, empleado, ISSN, fechaCompra, precioCompra, cantidad) VALUES (122, '51380950L', '3bd0b99d-8826-4f10-80e7-94696378f41d', '04-10-2022', 15.91, 42);
INSERT INTO compra (id, empleado, ISSN, fechaCompra, precioCompra, cantidad) VALUES (123, '33086712J', '771590dc-de08-43cc-a742-aa4c7986af9d', '06-24-2022', 54.02, 94);
INSERT INTO compra (id, empleado, ISSN, fechaCompra, precioCompra, cantidad) VALUES (124, '39522937C', '561e087a-2c48-4f6a-a988-91b03ed14fc0', '01-22-2023', 95.89, 61);
INSERT INTO compra (id, empleado, ISSN, fechaCompra, precioCompra, cantidad) VALUES (125, '27113819W', 'd24ff740-1714-406d-9fcf-f664d9414fa3', '07-18-2022', 68.27, 18);
INSERT INTO compra (id, empleado, ISSN, fechaCompra, precioCompra, cantidad) VALUES (126, '51380950L', '17a528f2-6a05-4dfc-8f8c-37b843b0d08c', '04-10-2022', 27.58, 4);
INSERT INTO compra (id, empleado, ISSN, fechaCompra, precioCompra, cantidad) VALUES (127, '33086712J', '516b7417-6a3b-48aa-bbe2-7489cf2dd219', '06-24-2022', 58.26, 12);
INSERT INTO compra (id, empleado, ISSN, fechaCompra, precioCompra, cantidad) VALUES (128, '39522937C', '6978e8a5-be39-4d70-9483-07a48e70569f', '01-22-2023', 1.92, 86);
INSERT INTO compra (id, empleado, ISSN, fechaCompra, precioCompra, cantidad) VALUES (129, '27113819W', '006a5681-8904-4e7d-85ca-22acc266c8b8', '07-18-2022', 23.87, 2);
INSERT INTO compra (id, empleado, ISSN, fechaCompra, precioCompra, cantidad) VALUES (130, '51380950L', '49f882ba-760c-4f70-ba0a-f3f94d8d4811', '04-10-2022', 15.98, 17);
INSERT INTO compra (id, empleado, ISSN, fechaCompra, precioCompra, cantidad) VALUES (131, '33086712J', 'd378f18d-33c3-4981-be79-5fa07824ec0d', '06-24-2022', 98.95, 35);
INSERT INTO compra (id, empleado, ISSN, fechaCompra, precioCompra, cantidad) VALUES (132, '39522937C', 'feb0264b-d67e-4e16-b42c-b16d28f0924b', '01-22-2023', 28.18, 93);
INSERT INTO compra (id, empleado, ISSN, fechaCompra, precioCompra, cantidad) VALUES (133, '27113819W', '43c3c58e-a6b5-4bdd-a2e5-c7655b3899d2', '07-18-2022', 49.03, 36);
INSERT INTO compra (id, empleado, ISSN, fechaCompra, precioCompra, cantidad) VALUES (134, '51380950L', 'fa62da23-ca7a-41a2-95d7-3accb1e4d181', '04-10-2022', 89.05, 14);
INSERT INTO compra (id, empleado, ISSN, fechaCompra, precioCompra, cantidad) VALUES (135, '33086712J', 'd089fa63-7103-494a-8684-ef2f6b8bda8c', '06-24-2022', 62.51, 86);
INSERT INTO compra (id, empleado, ISSN, fechaCompra, precioCompra, cantidad) VALUES (136, '39522937C', '9c88d838-59a6-48f7-b758-a5ac4328fcb3', '01-22-2023', 31.96, 64);
INSERT INTO compra (id, empleado, ISSN, fechaCompra, precioCompra, cantidad) VALUES (137, '27113819W', 'f48c6bad-0048-4cb2-93bb-57b9cc742518', '07-18-2022', 27.96, 72);
INSERT INTO compra (id, empleado, ISSN, fechaCompra, precioCompra, cantidad) VALUES (138, '51380950L', '4d6877a0-f407-4eca-8777-d1654801ec97', '04-10-2022', 100.85, 56);
INSERT INTO compra (id, empleado, ISSN, fechaCompra, precioCompra, cantidad) VALUES (139, '33086712J', 'c6dda3e3-ee72-428a-a449-1900ad82d282', '06-24-2022', 48.16, 91);
INSERT INTO compra (id, empleado, ISSN, fechaCompra, precioCompra, cantidad) VALUES (140, '39522937C', 'b29f6eaa-c7f7-4b56-b013-2ff3869b4834', '01-22-2023', 3.3, 92);
INSERT INTO compra (id, empleado, ISSN, fechaCompra, precioCompra, cantidad) VALUES (141, '27113819W', '421491ea-d849-412b-bdf4-57bcf7475a8d', '07-18-2022', 23.76, 74);
INSERT INTO compra (id, empleado, ISSN, fechaCompra, precioCompra, cantidad) VALUES (142, '51380950L', 'd1e0e4dc-6c89-4dd5-83c7-103ae57cea38', '04-10-2022', 41.77, 27);
INSERT INTO compra (id, empleado, ISSN, fechaCompra, precioCompra, cantidad) VALUES (143, '33086712J', '92ed329e-3abe-49db-a507-12e6bb8485eb', '06-24-2022', 36.42, 40);
INSERT INTO compra (id, empleado, ISSN, fechaCompra, precioCompra, cantidad) VALUES (144, '39522937C', 'b9f9685a-05fc-4fec-a942-74ced0a3ab62', '01-22-2023', 85.06, 90);
INSERT INTO compra (id, empleado, ISSN, fechaCompra, precioCompra, cantidad) VALUES (145, '27113819W', '18362cc7-7f65-4b0f-ae05-a173a93d5867', '07-18-2022', 33.88, 100);
INSERT INTO compra (id, empleado, ISSN, fechaCompra, precioCompra, cantidad) VALUES (146, '51380950L', '15771d38-62dc-4b1e-8509-0fb23b03ff9b', '04-10-2022', 39.64, 61);
INSERT INTO compra (id, empleado, ISSN, fechaCompra, precioCompra, cantidad) VALUES (147, '33086712J', '76fcaa6e-1c43-4cf0-beee-3f35a92cb353', '06-24-2022', 4.4, 18);
INSERT INTO compra (id, empleado, ISSN, fechaCompra, precioCompra, cantidad) VALUES (148, '39522937C', '402a328e-31f6-4609-b5dc-bf6c4a947b2b', '01-22-2023', 59.08, 59);
INSERT INTO compra (id, empleado, ISSN, fechaCompra, precioCompra, cantidad) VALUES (149, '27113819W', '324b9490-93ff-4fbd-9023-ac5c83c31b13', '07-18-2022', 82.69, 97);
INSERT INTO compra (id, empleado, ISSN, fechaCompra, precioCompra, cantidad) VALUES (150, '51380950L', '8c854c89-a4a7-4737-b452-26e11868c73f', '04-10-2022', 21.27, 40);
INSERT INTO compra (id, empleado, ISSN, fechaCompra, precioCompra, cantidad) VALUES (151, '33086712J', 'be12c687-ff25-439e-9fa4-f82ed25401d4', '06-24-2022', 67.11, 66);
INSERT INTO compra (id, empleado, ISSN, fechaCompra, precioCompra, cantidad) VALUES (152, '39522937C', '103c72c9-a960-4684-ab2a-f476ce4093b2', '01-22-2023', 26.62, 20);
INSERT INTO compra (id, empleado, ISSN, fechaCompra, precioCompra, cantidad) VALUES (153, '27113819W', '6322ff2e-e115-45e7-8801-c27d49053c4b', '07-18-2022', 36.91, 80);
INSERT INTO compra (id, empleado, ISSN, fechaCompra, precioCompra, cantidad) VALUES (154, '51380950L', '5ce1c7ce-194b-42c2-b21d-293962fed2d4', '04-10-2022', 48.14, 37);
INSERT INTO compra (id, empleado, ISSN, fechaCompra, precioCompra, cantidad) VALUES (155, '33086712J', '0b440bb1-6e7e-4522-88fb-7a1e5c1bcc60', '06-24-2022', 1.43, 52);
INSERT INTO compra (id, empleado, ISSN, fechaCompra, precioCompra, cantidad) VALUES (156, '39522937C', 'd439537a-eda4-4edc-9c2b-dde77ddb82ce', '01-22-2023', 57.73, 61);
INSERT INTO compra (id, empleado, ISSN, fechaCompra, precioCompra, cantidad) VALUES (157, '27113819W', '65ba5a78-3400-4d7c-8263-c1de317a02b3', '07-18-2022', 33.97, 44);
INSERT INTO compra (id, empleado, ISSN, fechaCompra, precioCompra, cantidad) VALUES (158, '51380950L', '86900038-b6d4-460c-8932-61aab5ab3251', '04-10-2022', 46.02, 90);
INSERT INTO compra (id, empleado, ISSN, fechaCompra, precioCompra, cantidad) VALUES (159, '33086712J', '442b8084-7ec5-4de8-9206-cab72270ff18', '06-24-2022', 40.27, 50);
INSERT INTO compra (id, empleado, ISSN, fechaCompra, precioCompra, cantidad) VALUES (160, '39522937C', '6b17b2b1-3983-4e38-87b6-6da5cb100ab0', '01-22-2023', 90.5, 49);
INSERT INTO compra (id, empleado, ISSN, fechaCompra, precioCompra, cantidad) VALUES (161, '27113819W', '4fb49388-812f-4808-b7f0-2ab92cbadd87', '07-18-2022', 95.59, 66);
INSERT INTO compra (id, empleado, ISSN, fechaCompra, precioCompra, cantidad) VALUES (162, '51380950L', '843f1b70-98e6-41b9-ab29-f38f447f39d9', '04-10-2022', 20.39, 47);
INSERT INTO compra (id, empleado, ISSN, fechaCompra, precioCompra, cantidad) VALUES (163, '33086712J', '0e23ea19-a8b0-4479-a1b8-66cc56685ff9', '06-24-2022', 73.57, 99);
INSERT INTO compra (id, empleado, ISSN, fechaCompra, precioCompra, cantidad) VALUES (164, '39522937C', '5ac55dc7-18be-4525-9078-cf85c542014e', '01-22-2023', 25.37, 47);
INSERT INTO compra (id, empleado, ISSN, fechaCompra, precioCompra, cantidad) VALUES (165, '27113819W', 'db417d00-eee8-4026-94f4-739ddecb1330', '07-18-2022', 73.12, 86);
INSERT INTO compra (id, empleado, ISSN, fechaCompra, precioCompra, cantidad) VALUES (166, '51380950L', '638e01dc-a163-4210-bcf0-49ff0bfeefb3', '04-10-2022', 38.38, 15);
INSERT INTO compra (id, empleado, ISSN, fechaCompra, precioCompra, cantidad) VALUES (167, '33086712J', '8d3febae-6ca5-4a47-a7e7-c703b10deaf0', '06-24-2022', 5.59, 71);
INSERT INTO compra (id, empleado, ISSN, fechaCompra, precioCompra, cantidad) VALUES (168, '39522937C', '0f93344e-04a6-437b-acf9-06bca135826f', '01-22-2023', 95.49, 29);
INSERT INTO compra (id, empleado, ISSN, fechaCompra, precioCompra, cantidad) VALUES (169, '27113819W', '2035376d-a575-47a5-bf61-abce0f79d81b', '07-18-2022', 72.74, 83);
INSERT INTO compra (id, empleado, ISSN, fechaCompra, precioCompra, cantidad) VALUES (170, '51380950L', '3694571f-33b0-4bb8-906f-e3ae3651c61f', '04-10-2022', 42.52, 26);
INSERT INTO compra (id, empleado, ISSN, fechaCompra, precioCompra, cantidad) VALUES (171, '33086712J', 'abc7357c-3563-4c73-91d5-0d7665eb828a', '06-24-2022', 38.6, 36);
INSERT INTO compra (id, empleado, ISSN, fechaCompra, precioCompra, cantidad) VALUES (172, '39522937C', '40efc27f-65d5-4665-82d1-13ba80f56571', '01-22-2023', 45.1, 87);
INSERT INTO compra (id, empleado, ISSN, fechaCompra, precioCompra, cantidad) VALUES (173, '27113819W', '1b9c9d14-0db8-4cb5-bc2a-80ccbeaed0e4', '07-18-2022', 49.52, 98);
INSERT INTO compra (id, empleado, ISSN, fechaCompra, precioCompra, cantidad) VALUES (174, '51380950L', '51d31f52-25c7-4d01-8a25-8ce3eb07a2a5', '04-10-2022', 6.37, 74);
INSERT INTO compra (id, empleado, ISSN, fechaCompra, precioCompra, cantidad) VALUES (175, '33086712J', 'a6d18882-fb4a-4762-a20e-4c9364a4ba95', '06-24-2022', 88.37, 41);
INSERT INTO compra (id, empleado, ISSN, fechaCompra, precioCompra, cantidad) VALUES (176, '39522937C', '3ca71e01-b198-4a68-a944-b9b26854c700', '01-22-2023', 31.44, 57);
INSERT INTO compra (id, empleado, ISSN, fechaCompra, precioCompra, cantidad) VALUES (177, '27113819W', '96f64c7a-1e1b-4409-b24d-814791347816', '07-18-2022', 24.13, 37);
INSERT INTO compra (id, empleado, ISSN, fechaCompra, precioCompra, cantidad) VALUES (178, '51380950L', '703506b0-cf20-40c4-8439-e5df4f89a192', '04-10-2022', 35.88, 65);
INSERT INTO compra (id, empleado, ISSN, fechaCompra, precioCompra, cantidad) VALUES (179, '33086712J', 'a2de4f28-36fd-4ec5-8c9a-26da18dbb274', '06-24-2022', 2.49, 79);
INSERT INTO compra (id, empleado, ISSN, fechaCompra, precioCompra, cantidad) VALUES (180, '39522937C', '10250ee1-add0-4b28-9299-e3a47b837873', '01-22-2023', 12.26, 70);
INSERT INTO compra (id, empleado, ISSN, fechaCompra, precioCompra, cantidad) VALUES (181, '27113819W', 'c5e4cc60-532a-4928-a9a0-62b7c5907539', '07-18-2022', 23.65, 42);
INSERT INTO compra (id, empleado, ISSN, fechaCompra, precioCompra, cantidad) VALUES (182, '51380950L', 'cc08c45e-866b-4f6c-a751-2feb5a005039', '04-10-2022', 14.51, 48);
INSERT INTO compra (id, empleado, ISSN, fechaCompra, precioCompra, cantidad) VALUES (183, '33086712J', 'a3971cf1-871e-4347-82e9-55943c579f16', '06-24-2022', 8.56, 74);
INSERT INTO compra (id, empleado, ISSN, fechaCompra, precioCompra, cantidad) VALUES (184, '39522937C', '0b1f5dae-0b67-4799-9345-12d0a935e999', '01-22-2023', 42.93, 56);
INSERT INTO compra (id, empleado, ISSN, fechaCompra, precioCompra, cantidad) VALUES (185, '27113819W', '342119e7-645d-40a9-99b4-970dce84f7ac', '07-18-2022', 77.09, 75);
INSERT INTO compra (id, empleado, ISSN, fechaCompra, precioCompra, cantidad) VALUES (186, '51380950L', '00b7d4f8-4991-47a0-b43b-473060601b27', '04-10-2022', 11.4, 23);
INSERT INTO compra (id, empleado, ISSN, fechaCompra, precioCompra, cantidad) VALUES (187, '33086712J', '75ba1269-a78e-479b-a698-3691539cc319', '06-24-2022', 97.48, 91);
INSERT INTO compra (id, empleado, ISSN, fechaCompra, precioCompra, cantidad) VALUES (188, '39522937C', 'b91fbc86-0764-4ea9-98b2-5bcf9e7e9064', '01-22-2023', 79.04, 41);
INSERT INTO compra (id, empleado, ISSN, fechaCompra, precioCompra, cantidad) VALUES (189, '27113819W', 'c9e95d89-2a81-4bc9-9675-05d4e749bad7', '07-18-2022', 49.73, 66);
INSERT INTO compra (id, empleado, ISSN, fechaCompra, precioCompra, cantidad) VALUES (190, '51380950L', '9c5ee514-7bcc-4590-8ac4-66edc5d7e1e3', '04-10-2022', 73.34, 99);
INSERT INTO compra (id, empleado, ISSN, fechaCompra, precioCompra, cantidad) VALUES (191, '33086712J', 'b144ecbc-df50-4726-b77c-3886915ae75f', '06-24-2022', 34.02, 54);
INSERT INTO compra (id, empleado, ISSN, fechaCompra, precioCompra, cantidad) VALUES (192, '39522937C', '5b74a8e0-9229-4ada-a520-1d664dc1093a', '01-22-2023', 9.14, 42);
INSERT INTO compra (id, empleado, ISSN, fechaCompra, precioCompra, cantidad) VALUES (193, '27113819W', '6958e403-fa39-4068-97cd-20c5faa6d6f4', '07-18-2022', 58.62, 13);
INSERT INTO compra (id, empleado, ISSN, fechaCompra, precioCompra, cantidad) VALUES (194, '51380950L', '421e6f53-7750-4465-adba-91f9e535166c', '04-10-2022', 14.11, 100);
INSERT INTO compra (id, empleado, ISSN, fechaCompra, precioCompra, cantidad) VALUES (195, '33086712J', '922f7893-d855-4d93-8eaa-7bdd6868824c', '06-24-2022', 83.83, 59);
INSERT INTO compra (id, empleado, ISSN, fechaCompra, precioCompra, cantidad) VALUES (196, '39522937C', '4b761f4c-9c7a-401a-b6b9-73d440182afa', '01-22-2023', 79.92, 86);
INSERT INTO compra (id, empleado, ISSN, fechaCompra, precioCompra, cantidad) VALUES (197, '27113819W', '1d52a83b-ad24-484d-8153-d60b9dcd7122', '07-18-2022', 7.02, 45);
INSERT INTO compra (id, empleado, ISSN, fechaCompra, precioCompra, cantidad) VALUES (198, '51380950L', '76d03fec-8923-442e-984d-5f26c5063503', '04-10-2022', 29.25, 36);
INSERT INTO compra (id, empleado, ISSN, fechaCompra, precioCompra, cantidad) VALUES (199, '33086712J', '9f3d64ba-91fb-4b3b-956e-0adc0803e09b', '06-24-2022', 29.05, 61);

INSERT INTO venta (id, empleado, ISSN, fechaVenta, precioVenta, cantidad) VALUES (0, '39522937C', 'b211c9f3-435c-46bb-9849-e77812963ff5', '01-22-2023', 83.63, 25);
INSERT INTO venta (id, empleado, ISSN, fechaVenta, precioVenta, cantidad) VALUES (1, '27113819W', '855ad644-1b96-42a2-9e92-8c0fb5301955', '07-18-2022', 4.51, 83);
INSERT INTO venta (id, empleado, ISSN, fechaVenta, precioVenta, cantidad) VALUES (2, '51380950L', '3ff3c980-dddd-4081-bc28-01320649468f', '04-10-2022', 16.7, 94);
INSERT INTO venta (id, empleado, ISSN, fechaVenta, precioVenta, cantidad) VALUES (3, '33086712J', 'e75aa202-1b43-4c3c-80da-cc8e5d5627a0', '06-24-2022', 77.35, 36);
INSERT INTO venta (id, empleado, ISSN, fechaVenta, precioVenta, cantidad) VALUES (4, '39522937C', '568962db-3228-40fe-9d31-eded458b70a5', '01-22-2023', 8.69, 3);
INSERT INTO venta (id, empleado, ISSN, fechaVenta, precioVenta, cantidad) VALUES (5, '27113819W', '7ca906e2-935e-4025-b31b-d0dacf6fb0be', '07-18-2022', 40.65, 92);
INSERT INTO venta (id, empleado, ISSN, fechaVenta, precioVenta, cantidad) VALUES (6, '51380950L', '7b845a43-0c45-41a5-9f10-1f8553295497', '04-10-2022', 62.49, 63);
INSERT INTO venta (id, empleado, ISSN, fechaVenta, precioVenta, cantidad) VALUES (7, '33086712J', 'a195cf6a-47fa-4e21-9744-cddb6680b6bc', '06-24-2022', 49.81, 21);
INSERT INTO venta (id, empleado, ISSN, fechaVenta, precioVenta, cantidad) VALUES (8, '39522937C', '8b688403-0faf-49bb-9844-be9bc39f8d76', '01-22-2023', 67.82, 23);
INSERT INTO venta (id, empleado, ISSN, fechaVenta, precioVenta, cantidad) VALUES (9, '27113819W', '98315713-4838-4749-b14a-430147c7a74b', '07-18-2022', 51.9, 48);
INSERT INTO venta (id, empleado, ISSN, fechaVenta, precioVenta, cantidad) VALUES (10, '51380950L', 'bdb6c5a3-3cb7-4d15-96d4-e25f544087c4', '04-10-2022', 89.57, 57);
INSERT INTO venta (id, empleado, ISSN, fechaVenta, precioVenta, cantidad) VALUES (11, '33086712J', '63719c0f-0803-4680-8904-e5d828b26665', '06-24-2022', 20.17, 23);
INSERT INTO venta (id, empleado, ISSN, fechaVenta, precioVenta, cantidad) VALUES (12, '39522937C', '9d16f262-91b1-41ef-bce7-d86dd138bf57', '01-22-2023', 68.02, 20);
INSERT INTO venta (id, empleado, ISSN, fechaVenta, precioVenta, cantidad) VALUES (13, '27113819W', '1bf8b75e-cf88-4eeb-8bd9-59c5a8fdb597', '07-18-2022', 94.27, 74);
INSERT INTO venta (id, empleado, ISSN, fechaVenta, precioVenta, cantidad) VALUES (14, '51380950L', '418c8121-57b0-4a63-ad1d-8969cfb51055', '04-10-2022', 58.42, 40);
INSERT INTO venta (id, empleado, ISSN, fechaVenta, precioVenta, cantidad) VALUES (15, '33086712J', '678f6cc9-5063-499a-912b-74ad8f094b24', '06-24-2022', 60.48, 50);
INSERT INTO venta (id, empleado, ISSN, fechaVenta, precioVenta, cantidad) VALUES (16, '39522937C', '23f871ec-1bef-4e3b-85eb-33f70805b73b', '01-22-2023', 50.41, 42);
INSERT INTO venta (id, empleado, ISSN, fechaVenta, precioVenta, cantidad) VALUES (17, '27113819W', '1062d705-857a-4abf-9ab2-3afcaa0198e0', '07-18-2022', 11.05, 48);
INSERT INTO venta (id, empleado, ISSN, fechaVenta, precioVenta, cantidad) VALUES (18, '51380950L', '156567b1-2e3f-48a5-88ba-9ca040df5c33', '04-10-2022', 78.64, 93);
INSERT INTO venta (id, empleado, ISSN, fechaVenta, precioVenta, cantidad) VALUES (19, '33086712J', '39bccedf-d32e-48a6-a6fe-7cf21febcaf2', '06-24-2022', 81.45, 43);
INSERT INTO venta (id, empleado, ISSN, fechaVenta, precioVenta, cantidad) VALUES (20, '39522937C', '1a5ecb13-1a1b-4eeb-8d96-5eb4c2f260a9', '01-22-2023', 96.74, 62);
INSERT INTO venta (id, empleado, ISSN, fechaVenta, precioVenta, cantidad) VALUES (21, '27113819W', 'b7d08868-0bff-48ea-bf35-21918a03ccbf', '07-18-2022', 58.53, 68);
INSERT INTO venta (id, empleado, ISSN, fechaVenta, precioVenta, cantidad) VALUES (22, '51380950L', '21f8b0d8-945f-469a-ba08-14bf2df80a3a', '04-10-2022', 55.37, 51);
INSERT INTO venta (id, empleado, ISSN, fechaVenta, precioVenta, cantidad) VALUES (23, '33086712J', 'a7ab3810-cecd-4898-abb0-6ea274d413d1', '06-24-2022', 14.59, 12);
INSERT INTO venta (id, empleado, ISSN, fechaVenta, precioVenta, cantidad) VALUES (24, '39522937C', 'c9e3bb00-660a-43eb-aae3-bb3148f18c24', '01-22-2023', 99.07, 97);
INSERT INTO venta (id, empleado, ISSN, fechaVenta, precioVenta, cantidad) VALUES (25, '27113819W', '0e718b4f-2502-4ec3-9582-e52079d919ac', '07-18-2022', 62.15, 92);
INSERT INTO venta (id, empleado, ISSN, fechaVenta, precioVenta, cantidad) VALUES (26, '51380950L', '5a795f93-0333-4a2a-a819-01e314c948c1', '04-10-2022', 40.47, 84);
INSERT INTO venta (id, empleado, ISSN, fechaVenta, precioVenta, cantidad) VALUES (27, '33086712J', 'c2f857c6-1dfd-4d1a-9faa-ee149ea01fee', '06-24-2022', 40.67, 61);
INSERT INTO venta (id, empleado, ISSN, fechaVenta, precioVenta, cantidad) VALUES (28, '39522937C', '9ba29510-1d39-47b9-9543-986190448cc7', '01-22-2023', 54.94, 48);
INSERT INTO venta (id, empleado, ISSN, fechaVenta, precioVenta, cantidad) VALUES (29, '27113819W', '1d13ced5-6f0e-4052-91f7-db9354b1fbda', '07-18-2022', 65.34, 6);
INSERT INTO venta (id, empleado, ISSN, fechaVenta, precioVenta, cantidad) VALUES (30, '51380950L', '01e148fc-b88b-4469-935b-fc6f655dc051', '04-10-2022', 23.77, 1);
INSERT INTO venta (id, empleado, ISSN, fechaVenta, precioVenta, cantidad) VALUES (31, '33086712J', '13df4266-5836-426f-9e49-954c6f8c089e', '06-24-2022', 87.6, 57);
INSERT INTO venta (id, empleado, ISSN, fechaVenta, precioVenta, cantidad) VALUES (32, '39522937C', '673c1d08-b7ce-469b-8d58-93c189c0614d', '01-22-2023', 30.17, 53);
INSERT INTO venta (id, empleado, ISSN, fechaVenta, precioVenta, cantidad) VALUES (33, '27113819W', '91455153-35e3-484d-a332-ff2e41f35573', '07-18-2022', 11.6, 94);
INSERT INTO venta (id, empleado, ISSN, fechaVenta, precioVenta, cantidad) VALUES (34, '51380950L', '8695d76d-3755-46ea-805d-0221b0bb215e', '04-10-2022', 87.24, 17);
INSERT INTO venta (id, empleado, ISSN, fechaVenta, precioVenta, cantidad) VALUES (35, '33086712J', 'ca154a41-f65b-40df-bf1c-1aced1d9c6ca', '06-24-2022', 65.83, 98);
INSERT INTO venta (id, empleado, ISSN, fechaVenta, precioVenta, cantidad) VALUES (36, '39522937C', 'c867edeb-5503-4677-bab0-ca6cadb6dd4d', '01-22-2023', 40.93, 7);
INSERT INTO venta (id, empleado, ISSN, fechaVenta, precioVenta, cantidad) VALUES (37, '27113819W', 'cf458e45-0742-4e1c-9eb3-e19170f74750', '07-18-2022', 66.88, 37);
INSERT INTO venta (id, empleado, ISSN, fechaVenta, precioVenta, cantidad) VALUES (38, '51380950L', '3c3db3d2-d430-416c-b1f1-19420571b422', '04-10-2022', 12.96, 60);
INSERT INTO venta (id, empleado, ISSN, fechaVenta, precioVenta, cantidad) VALUES (39, '33086712J', '8173e63f-7af5-4a40-8dc6-2eded1a1f595', '06-24-2022', 72.12, 68);
INSERT INTO venta (id, empleado, ISSN, fechaVenta, precioVenta, cantidad) VALUES (40, '39522937C', '59c2e891-6a4c-45ef-9885-01a733416225', '01-22-2023', 24.41, 51);
INSERT INTO venta (id, empleado, ISSN, fechaVenta, precioVenta, cantidad) VALUES (41, '27113819W', '8a8e0323-af2e-43fd-b986-611f4c0427e6', '07-18-2022', 72.01, 100);
INSERT INTO venta (id, empleado, ISSN, fechaVenta, precioVenta, cantidad) VALUES (42, '51380950L', 'ec15a250-3f91-4825-b0aa-6384c0063698', '04-10-2022', 21.58, 69);
INSERT INTO venta (id, empleado, ISSN, fechaVenta, precioVenta, cantidad) VALUES (43, '33086712J', '62c680ef-7e2c-425c-9986-e7bce4efd8ae', '06-24-2022', 60.06, 100);
INSERT INTO venta (id, empleado, ISSN, fechaVenta, precioVenta, cantidad) VALUES (44, '39522937C', '79234d32-8924-4e50-a978-9b0db97930c5', '01-22-2023', 32.43, 40);
INSERT INTO venta (id, empleado, ISSN, fechaVenta, precioVenta, cantidad) VALUES (45, '27113819W', '0dcd2748-ad7d-4149-b36b-3da75b5a7ccc', '07-18-2022', 5.72, 18);
INSERT INTO venta (id, empleado, ISSN, fechaVenta, precioVenta, cantidad) VALUES (46, '51380950L', '24dd078f-778a-4f47-a809-78e6c245b929', '04-10-2022', 37.29, 59);
INSERT INTO venta (id, empleado, ISSN, fechaVenta, precioVenta, cantidad) VALUES (47, '33086712J', '801cfacf-afb6-49a4-abbd-bca2926de750', '06-24-2022', 73.01, 84);
INSERT INTO venta (id, empleado, ISSN, fechaVenta, precioVenta, cantidad) VALUES (48, '39522937C', '1c84b904-b1c5-4434-9654-d5075930cd05', '01-22-2023', 27.15, 57);
INSERT INTO venta (id, empleado, ISSN, fechaVenta, precioVenta, cantidad) VALUES (49, '27113819W', '233e31e3-5b67-448b-9ef4-7d8cb1235559', '07-18-2022', 46.18, 51);
INSERT INTO venta (id, empleado, ISSN, fechaVenta, precioVenta, cantidad) VALUES (50, '51380950L', '32e1ecdb-e8dc-40cc-b85d-7678ddbd5562', '04-10-2022', 95.24, 80);
INSERT INTO venta (id, empleado, ISSN, fechaVenta, precioVenta, cantidad) VALUES (51, '33086712J', 'ea24b990-22df-4a03-8548-9839f43ef3cc', '06-24-2022', 38.85, 65);
INSERT INTO venta (id, empleado, ISSN, fechaVenta, precioVenta, cantidad) VALUES (52, '39522937C', '13712f19-5811-4e8f-8ea0-f36f0f63d8ca', '01-22-2023', 14.97, 42);
INSERT INTO venta (id, empleado, ISSN, fechaVenta, precioVenta, cantidad) VALUES (53, '27113819W', 'ef031272-239a-40a2-83f0-d81dc4004b2e', '07-18-2022', 65.59, 12);
INSERT INTO venta (id, empleado, ISSN, fechaVenta, precioVenta, cantidad) VALUES (54, '51380950L', 'a91f3b47-b05c-46ed-81a9-2f16d494a6e2', '04-10-2022', 53.03, 76);
INSERT INTO venta (id, empleado, ISSN, fechaVenta, precioVenta, cantidad) VALUES (55, '33086712J', '543be3bb-4126-484c-95c6-9ae0596bff73', '06-24-2022', 18.49, 87);
INSERT INTO venta (id, empleado, ISSN, fechaVenta, precioVenta, cantidad) VALUES (56, '39522937C', 'ad85d465-6c89-46e2-a3fa-c1d7f70ddfc9', '01-22-2023', 99.39, 32);
INSERT INTO venta (id, empleado, ISSN, fechaVenta, precioVenta, cantidad) VALUES (57, '27113819W', '63a06cb6-7a25-4b36-a866-e659e3f18626', '07-18-2022', 59.29, 94);
INSERT INTO venta (id, empleado, ISSN, fechaVenta, precioVenta, cantidad) VALUES (58, '51380950L', '75aaac4a-be5b-4c60-9c03-96bc27531ccb', '04-10-2022', 24.16, 38);
INSERT INTO venta (id, empleado, ISSN, fechaVenta, precioVenta, cantidad) VALUES (59, '33086712J', '46a652e6-cb64-4bf2-8ac9-587b9a8222e6', '06-24-2022', 100.57, 20);
INSERT INTO venta (id, empleado, ISSN, fechaVenta, precioVenta, cantidad) VALUES (60, '39522937C', '14ead6f0-ff30-4ae7-a5cb-ffe2b8c7bb3e', '01-22-2023', 49.82, 77);
INSERT INTO venta (id, empleado, ISSN, fechaVenta, precioVenta, cantidad) VALUES (61, '27113819W', '12f440a6-f1b0-4cfb-961e-bde276c2a5a5', '07-18-2022', 67.44, 58);
INSERT INTO venta (id, empleado, ISSN, fechaVenta, precioVenta, cantidad) VALUES (62, '51380950L', '223a2230-7976-4835-9561-01be05e83761', '04-10-2022', 59.53, 44);
INSERT INTO venta (id, empleado, ISSN, fechaVenta, precioVenta, cantidad) VALUES (63, '33086712J', '8e0498d4-0e99-4764-813a-e5bdaf0727ce', '06-24-2022', 60.66, 59);
INSERT INTO venta (id, empleado, ISSN, fechaVenta, precioVenta, cantidad) VALUES (64, '39522937C', '98bc9083-425b-4505-baf5-48bc4e1d93e7', '01-22-2023', 24.83, 22);
INSERT INTO venta (id, empleado, ISSN, fechaVenta, precioVenta, cantidad) VALUES (65, '27113819W', 'da44d4ed-2de4-4103-a554-143dfd793527', '07-18-2022', 94.51, 78);
INSERT INTO venta (id, empleado, ISSN, fechaVenta, precioVenta, cantidad) VALUES (66, '51380950L', '65f61fb8-e5ab-4e80-8fb1-d3febe874f66', '04-10-2022', 89.28, 50);
INSERT INTO venta (id, empleado, ISSN, fechaVenta, precioVenta, cantidad) VALUES (67, '33086712J', '8906eda6-90c7-4f25-baa4-552c96ac2984', '06-24-2022', 78.99, 5);
INSERT INTO venta (id, empleado, ISSN, fechaVenta, precioVenta, cantidad) VALUES (68, '39522937C', '0cf2774e-f2d2-4c3f-bdad-d4cbe7122326', '01-22-2023', 79.18, 63);
INSERT INTO venta (id, empleado, ISSN, fechaVenta, precioVenta, cantidad) VALUES (69, '27113819W', 'e7c53210-939e-44ac-a554-b375d4f2d167', '07-18-2022', 51.12, 28);
INSERT INTO venta (id, empleado, ISSN, fechaVenta, precioVenta, cantidad) VALUES (70, '51380950L', '2856d3e4-7157-4139-9b81-c865d8212423', '04-10-2022', 63.44, 91);
INSERT INTO venta (id, empleado, ISSN, fechaVenta, precioVenta, cantidad) VALUES (71, '33086712J', 'dc95fd3a-86a2-4680-965d-48debd867980', '06-24-2022', 4.37, 81);
INSERT INTO venta (id, empleado, ISSN, fechaVenta, precioVenta, cantidad) VALUES (72, '39522937C', '52820e74-6fc5-42a3-a912-e9f6056b4863', '01-22-2023', 93.49, 3);
INSERT INTO venta (id, empleado, ISSN, fechaVenta, precioVenta, cantidad) VALUES (73, '27113819W', '27cd05fd-db7f-4373-82a7-0332cc63d241', '07-18-2022', 77.28, 56);
INSERT INTO venta (id, empleado, ISSN, fechaVenta, precioVenta, cantidad) VALUES (74, '51380950L', '573b5ef5-c4d6-4251-9bf9-729c470f5a00', '04-10-2022', 73.49, 93);
INSERT INTO venta (id, empleado, ISSN, fechaVenta, precioVenta, cantidad) VALUES (75, '33086712J', '23931c0c-dd3d-414b-9996-092ab668c0e4', '06-24-2022', 12.94, 43);
INSERT INTO venta (id, empleado, ISSN, fechaVenta, precioVenta, cantidad) VALUES (76, '39522937C', '5b5d925e-5149-4a2a-8708-04beec892443', '01-22-2023', 81.18, 68);
INSERT INTO venta (id, empleado, ISSN, fechaVenta, precioVenta, cantidad) VALUES (77, '27113819W', 'a57b7e19-524d-4628-857f-ba5d01a2f56a', '07-18-2022', 6.51, 66);
INSERT INTO venta (id, empleado, ISSN, fechaVenta, precioVenta, cantidad) VALUES (78, '51380950L', '824added-b2eb-45ba-97c1-6b22e7a49ea6', '04-10-2022', 77.57, 15);
INSERT INTO venta (id, empleado, ISSN, fechaVenta, precioVenta, cantidad) VALUES (79, '33086712J', 'ef123de3-9820-4cce-9354-a2299213d334', '06-24-2022', 99.58, 83);
INSERT INTO venta (id, empleado, ISSN, fechaVenta, precioVenta, cantidad) VALUES (80, '39522937C', '599843c8-c7ac-4170-b338-65141fa3a90a', '01-22-2023', 59.32, 64);
INSERT INTO venta (id, empleado, ISSN, fechaVenta, precioVenta, cantidad) VALUES (81, '27113819W', '4b838787-d4f1-4e73-84d2-c8c6aa073726', '07-18-2022', 44.75, 95);
INSERT INTO venta (id, empleado, ISSN, fechaVenta, precioVenta, cantidad) VALUES (82, '51380950L', '1b0dbea4-e16f-4866-a27b-d0d277ee130c', '04-10-2022', 28.29, 9);
INSERT INTO venta (id, empleado, ISSN, fechaVenta, precioVenta, cantidad) VALUES (83, '33086712J', 'ba4780df-c661-495b-9c55-3b495e416728', '06-24-2022', 72.25, 90);
INSERT INTO venta (id, empleado, ISSN, fechaVenta, precioVenta, cantidad) VALUES (84, '39522937C', '988cbae4-426e-40c0-b688-7137bcc17790', '01-22-2023', 90.86, 56);
INSERT INTO venta (id, empleado, ISSN, fechaVenta, precioVenta, cantidad) VALUES (85, '27113819W', '5458c2b6-d373-4439-8948-2d84ac90e665', '07-18-2022', 67.79, 23);
INSERT INTO venta (id, empleado, ISSN, fechaVenta, precioVenta, cantidad) VALUES (86, '51380950L', '79850632-4d46-4009-b495-11246b275f7c', '04-10-2022', 25.41, 98);
INSERT INTO venta (id, empleado, ISSN, fechaVenta, precioVenta, cantidad) VALUES (87, '33086712J', '706956ad-8ac1-4f59-99ad-27963c1e6f64', '06-24-2022', 70.06, 70);
INSERT INTO venta (id, empleado, ISSN, fechaVenta, precioVenta, cantidad) VALUES (88, '39522937C', '7961ba03-684d-4bf4-ae37-7fc50324d3c6', '01-22-2023', 55.59, 6);
INSERT INTO venta (id, empleado, ISSN, fechaVenta, precioVenta, cantidad) VALUES (89, '27113819W', '83bf9ea6-332d-4306-9a7a-501d6c37ef0e', '07-18-2022', 22.46, 50);
INSERT INTO venta (id, empleado, ISSN, fechaVenta, precioVenta, cantidad) VALUES (90, '51380950L', '98473611-4927-45d3-a8c3-b9d36dd1a0ef', '04-10-2022', 68.13, 10);
INSERT INTO venta (id, empleado, ISSN, fechaVenta, precioVenta, cantidad) VALUES (91, '33086712J', 'bdd54a9e-a51f-4a4b-91f3-92fb9adf790f', '06-24-2022', 76.06, 69);
INSERT INTO venta (id, empleado, ISSN, fechaVenta, precioVenta, cantidad) VALUES (92, '39522937C', '0dbe38a5-afe7-494b-b844-c849d8c0deb5', '01-22-2023', 53.47, 41);
INSERT INTO venta (id, empleado, ISSN, fechaVenta, precioVenta, cantidad) VALUES (93, '27113819W', '4156487f-f6d5-4c37-bb1b-f421baee6389', '07-18-2022', 2.21, 27);
INSERT INTO venta (id, empleado, ISSN, fechaVenta, precioVenta, cantidad) VALUES (94, '51380950L', 'edf35b2c-0a07-44a4-8b0e-d04fc8ec79bf', '04-10-2022', 88.89, 79);
INSERT INTO venta (id, empleado, ISSN, fechaVenta, precioVenta, cantidad) VALUES (95, '33086712J', '6ccc24a2-ff09-49f7-bcb4-0845d69745e9', '06-24-2022', 26.9, 33);
INSERT INTO venta (id, empleado, ISSN, fechaVenta, precioVenta, cantidad) VALUES (96, '39522937C', '7ede286c-d43b-4fdd-993c-4f8bc619ec00', '01-22-2023', 24.71, 60);
INSERT INTO venta (id, empleado, ISSN, fechaVenta, precioVenta, cantidad) VALUES (97, '27113819W', 'f861b451-3fae-48c3-a16b-ec6d5b2c16a0', '07-18-2022', 100.6, 96);
INSERT INTO venta (id, empleado, ISSN, fechaVenta, precioVenta, cantidad) VALUES (98, '51380950L', '7573aeba-be22-433c-b20e-0ae35e1cf8f3', '04-10-2022', 42.33, 25);
INSERT INTO venta (id, empleado, ISSN, fechaVenta, precioVenta, cantidad) VALUES (99, '33086712J', '6e140df6-405f-431a-af23-4c244c504497', '06-24-2022', 94.95, 65);
INSERT INTO venta (id, empleado, ISSN, fechaVenta, precioVenta, cantidad) VALUES (100, '39522937C', 'e3f46096-7c5d-4e50-8d31-5162999eea9f', '01-22-2023', 12.44, 12);
INSERT INTO venta (id, empleado, ISSN, fechaVenta, precioVenta, cantidad) VALUES (101, '27113819W', '4f04797a-f401-47e7-be99-d5ab56beda2c', '07-18-2022', 56.0, 83);
INSERT INTO venta (id, empleado, ISSN, fechaVenta, precioVenta, cantidad) VALUES (102, '51380950L', 'fcc35ae6-7287-4e1e-9028-1697f57b1df6', '04-10-2022', 43.6, 74);
INSERT INTO venta (id, empleado, ISSN, fechaVenta, precioVenta, cantidad) VALUES (103, '33086712J', 'fc0382be-b6db-4d5d-bafe-c9ce98793d36', '06-24-2022', 60.62, 47);
INSERT INTO venta (id, empleado, ISSN, fechaVenta, precioVenta, cantidad) VALUES (104, '39522937C', 'ee55a9f8-7448-402c-9457-a7f1119d59bd', '01-22-2023', 2.61, 34);
INSERT INTO venta (id, empleado, ISSN, fechaVenta, precioVenta, cantidad) VALUES (105, '27113819W', 'a559ab29-4c7a-4329-aec4-11e6e7447ce7', '07-18-2022', 24.8, 6);
INSERT INTO venta (id, empleado, ISSN, fechaVenta, precioVenta, cantidad) VALUES (106, '51380950L', '1e7561dc-b15a-40bf-8f9f-0874c506355e', '04-10-2022', 9.69, 71);
INSERT INTO venta (id, empleado, ISSN, fechaVenta, precioVenta, cantidad) VALUES (107, '33086712J', 'e9f2c8fb-b040-469d-b7e0-222cbf0a33a1', '06-24-2022', 85.41, 91);
INSERT INTO venta (id, empleado, ISSN, fechaVenta, precioVenta, cantidad) VALUES (108, '39522937C', '0c8892eb-f65c-4e99-9b1d-d18cba3c130a', '01-22-2023', 13.35, 86);
INSERT INTO venta (id, empleado, ISSN, fechaVenta, precioVenta, cantidad) VALUES (109, '27113819W', 'bc1a2ee7-9193-45e7-a72d-a93838c485a6', '07-18-2022', 80.89, 96);
INSERT INTO venta (id, empleado, ISSN, fechaVenta, precioVenta, cantidad) VALUES (110, '51380950L', '025114b5-389e-4b34-b8f8-93085fca7c9f', '04-10-2022', 68.01, 59);
INSERT INTO venta (id, empleado, ISSN, fechaVenta, precioVenta, cantidad) VALUES (111, '33086712J', '845f0d1e-136f-44ba-95ed-59435729a45c', '06-24-2022', 33.12, 7);
INSERT INTO venta (id, empleado, ISSN, fechaVenta, precioVenta, cantidad) VALUES (112, '39522937C', '6806c1a4-9e95-4d05-bd57-7f1a0d33a2c4', '01-22-2023', 1.55, 57);
INSERT INTO venta (id, empleado, ISSN, fechaVenta, precioVenta, cantidad) VALUES (113, '27113819W', '46bdc2ec-80af-4ab9-b3c4-e10288de8a8a', '07-18-2022', 35.88, 37);
INSERT INTO venta (id, empleado, ISSN, fechaVenta, precioVenta, cantidad) VALUES (114, '51380950L', '7b606b2d-2285-4be3-a92e-696eefc89cac', '04-10-2022', 76.0, 51);
INSERT INTO venta (id, empleado, ISSN, fechaVenta, precioVenta, cantidad) VALUES (115, '33086712J', '47949dd1-2763-434a-b032-8bc9f6239a62', '06-24-2022', 16.99, 61);
INSERT INTO venta (id, empleado, ISSN, fechaVenta, precioVenta, cantidad) VALUES (116, '39522937C', '71f6eb6b-9cd2-4d77-88f5-4b1f40010526', '01-22-2023', 75.71, 85);
INSERT INTO venta (id, empleado, ISSN, fechaVenta, precioVenta, cantidad) VALUES (117, '27113819W', '78d10919-b85c-416e-9c8c-43e9560a5a84', '07-18-2022', 95.51, 18);
INSERT INTO venta (id, empleado, ISSN, fechaVenta, precioVenta, cantidad) VALUES (118, '51380950L', 'f549eccb-a3e1-4515-ac19-3aed1166b651', '04-10-2022', 19.51, 91);
INSERT INTO venta (id, empleado, ISSN, fechaVenta, precioVenta, cantidad) VALUES (119, '33086712J', '4d38209c-f826-4517-9f4a-11140cd08fb1', '06-24-2022', 35.18, 1);
INSERT INTO venta (id, empleado, ISSN, fechaVenta, precioVenta, cantidad) VALUES (120, '39522937C', '2995713a-9038-4db1-b2a5-1f8cd471327f', '01-22-2023', 25.99, 58);
INSERT INTO venta (id, empleado, ISSN, fechaVenta, precioVenta, cantidad) VALUES (121, '27113819W', 'e4f8ded5-bde1-4ae2-9655-be8e4e547f77', '07-18-2022', 69.75, 16);
INSERT INTO venta (id, empleado, ISSN, fechaVenta, precioVenta, cantidad) VALUES (122, '51380950L', '3bd0b99d-8826-4f10-80e7-94696378f41d', '04-10-2022', 3.23, 93);
INSERT INTO venta (id, empleado, ISSN, fechaVenta, precioVenta, cantidad) VALUES (123, '33086712J', '771590dc-de08-43cc-a742-aa4c7986af9d', '06-24-2022', 32.66, 40);
INSERT INTO venta (id, empleado, ISSN, fechaVenta, precioVenta, cantidad) VALUES (124, '39522937C', '561e087a-2c48-4f6a-a988-91b03ed14fc0', '01-22-2023', 31.89, 74);
INSERT INTO venta (id, empleado, ISSN, fechaVenta, precioVenta, cantidad) VALUES (125, '27113819W', 'd24ff740-1714-406d-9fcf-f664d9414fa3', '07-18-2022', 85.94, 32);
INSERT INTO venta (id, empleado, ISSN, fechaVenta, precioVenta, cantidad) VALUES (126, '51380950L', '17a528f2-6a05-4dfc-8f8c-37b843b0d08c', '04-10-2022', 24.93, 52);
INSERT INTO venta (id, empleado, ISSN, fechaVenta, precioVenta, cantidad) VALUES (127, '33086712J', '516b7417-6a3b-48aa-bbe2-7489cf2dd219', '06-24-2022', 2.68, 65);
INSERT INTO venta (id, empleado, ISSN, fechaVenta, precioVenta, cantidad) VALUES (128, '39522937C', '6978e8a5-be39-4d70-9483-07a48e70569f', '01-22-2023', 54.42, 48);
INSERT INTO venta (id, empleado, ISSN, fechaVenta, precioVenta, cantidad) VALUES (129, '27113819W', '006a5681-8904-4e7d-85ca-22acc266c8b8', '07-18-2022', 39.29, 66);
INSERT INTO venta (id, empleado, ISSN, fechaVenta, precioVenta, cantidad) VALUES (130, '51380950L', '49f882ba-760c-4f70-ba0a-f3f94d8d4811', '04-10-2022', 13.31, 23);
INSERT INTO venta (id, empleado, ISSN, fechaVenta, precioVenta, cantidad) VALUES (131, '33086712J', 'd378f18d-33c3-4981-be79-5fa07824ec0d', '06-24-2022', 95.82, 3);
INSERT INTO venta (id, empleado, ISSN, fechaVenta, precioVenta, cantidad) VALUES (132, '39522937C', 'feb0264b-d67e-4e16-b42c-b16d28f0924b', '01-22-2023', 79.5, 26);
INSERT INTO venta (id, empleado, ISSN, fechaVenta, precioVenta, cantidad) VALUES (133, '27113819W', '43c3c58e-a6b5-4bdd-a2e5-c7655b3899d2', '07-18-2022', 14.2, 87);
INSERT INTO venta (id, empleado, ISSN, fechaVenta, precioVenta, cantidad) VALUES (134, '51380950L', 'fa62da23-ca7a-41a2-95d7-3accb1e4d181', '04-10-2022', 3.64, 53);
INSERT INTO venta (id, empleado, ISSN, fechaVenta, precioVenta, cantidad) VALUES (135, '33086712J', 'd089fa63-7103-494a-8684-ef2f6b8bda8c', '06-24-2022', 9.84, 5);
INSERT INTO venta (id, empleado, ISSN, fechaVenta, precioVenta, cantidad) VALUES (136, '39522937C', '9c88d838-59a6-48f7-b758-a5ac4328fcb3', '01-22-2023', 58.36, 86);
INSERT INTO venta (id, empleado, ISSN, fechaVenta, precioVenta, cantidad) VALUES (137, '27113819W', 'f48c6bad-0048-4cb2-93bb-57b9cc742518', '07-18-2022', 47.29, 11);
INSERT INTO venta (id, empleado, ISSN, fechaVenta, precioVenta, cantidad) VALUES (138, '51380950L', '4d6877a0-f407-4eca-8777-d1654801ec97', '04-10-2022', 10.63, 62);
INSERT INTO venta (id, empleado, ISSN, fechaVenta, precioVenta, cantidad) VALUES (139, '33086712J', 'c6dda3e3-ee72-428a-a449-1900ad82d282', '06-24-2022', 74.37, 97);
INSERT INTO venta (id, empleado, ISSN, fechaVenta, precioVenta, cantidad) VALUES (140, '39522937C', 'b29f6eaa-c7f7-4b56-b013-2ff3869b4834', '01-22-2023', 99.98, 32);
INSERT INTO venta (id, empleado, ISSN, fechaVenta, precioVenta, cantidad) VALUES (141, '27113819W', '421491ea-d849-412b-bdf4-57bcf7475a8d', '07-18-2022', 93.79, 51);
INSERT INTO venta (id, empleado, ISSN, fechaVenta, precioVenta, cantidad) VALUES (142, '51380950L', 'd1e0e4dc-6c89-4dd5-83c7-103ae57cea38', '04-10-2022', 16.11, 25);
INSERT INTO venta (id, empleado, ISSN, fechaVenta, precioVenta, cantidad) VALUES (143, '33086712J', '92ed329e-3abe-49db-a507-12e6bb8485eb', '06-24-2022', 20.27, 37);
INSERT INTO venta (id, empleado, ISSN, fechaVenta, precioVenta, cantidad) VALUES (144, '39522937C', 'b9f9685a-05fc-4fec-a942-74ced0a3ab62', '01-22-2023', 63.49, 26);
INSERT INTO venta (id, empleado, ISSN, fechaVenta, precioVenta, cantidad) VALUES (145, '27113819W', '18362cc7-7f65-4b0f-ae05-a173a93d5867', '07-18-2022', 41.45, 8);
INSERT INTO venta (id, empleado, ISSN, fechaVenta, precioVenta, cantidad) VALUES (146, '51380950L', '15771d38-62dc-4b1e-8509-0fb23b03ff9b', '04-10-2022', 33.35, 16);
INSERT INTO venta (id, empleado, ISSN, fechaVenta, precioVenta, cantidad) VALUES (147, '33086712J', '76fcaa6e-1c43-4cf0-beee-3f35a92cb353', '06-24-2022', 3.86, 70);
INSERT INTO venta (id, empleado, ISSN, fechaVenta, precioVenta, cantidad) VALUES (148, '39522937C', '402a328e-31f6-4609-b5dc-bf6c4a947b2b', '01-22-2023', 15.25, 71);
INSERT INTO venta (id, empleado, ISSN, fechaVenta, precioVenta, cantidad) VALUES (149, '27113819W', '324b9490-93ff-4fbd-9023-ac5c83c31b13', '07-18-2022', 98.66, 90);
INSERT INTO venta (id, empleado, ISSN, fechaVenta, precioVenta, cantidad) VALUES (150, '51380950L', '8c854c89-a4a7-4737-b452-26e11868c73f', '04-10-2022', 56.88, 59);
INSERT INTO venta (id, empleado, ISSN, fechaVenta, precioVenta, cantidad) VALUES (151, '33086712J', 'be12c687-ff25-439e-9fa4-f82ed25401d4', '06-24-2022', 81.72, 92);
INSERT INTO venta (id, empleado, ISSN, fechaVenta, precioVenta, cantidad) VALUES (152, '39522937C', '103c72c9-a960-4684-ab2a-f476ce4093b2', '01-22-2023', 79.33, 51);
INSERT INTO venta (id, empleado, ISSN, fechaVenta, precioVenta, cantidad) VALUES (153, '27113819W', '6322ff2e-e115-45e7-8801-c27d49053c4b', '07-18-2022', 62.43, 27);
INSERT INTO venta (id, empleado, ISSN, fechaVenta, precioVenta, cantidad) VALUES (154, '51380950L', '5ce1c7ce-194b-42c2-b21d-293962fed2d4', '04-10-2022', 69.03, 91);
INSERT INTO venta (id, empleado, ISSN, fechaVenta, precioVenta, cantidad) VALUES (155, '33086712J', '0b440bb1-6e7e-4522-88fb-7a1e5c1bcc60', '06-24-2022', 78.16, 97);
INSERT INTO venta (id, empleado, ISSN, fechaVenta, precioVenta, cantidad) VALUES (156, '39522937C', 'd439537a-eda4-4edc-9c2b-dde77ddb82ce', '01-22-2023', 95.24, 65);
INSERT INTO venta (id, empleado, ISSN, fechaVenta, precioVenta, cantidad) VALUES (157, '27113819W', '65ba5a78-3400-4d7c-8263-c1de317a02b3', '07-18-2022', 79.17, 2);
INSERT INTO venta (id, empleado, ISSN, fechaVenta, precioVenta, cantidad) VALUES (158, '51380950L', '86900038-b6d4-460c-8932-61aab5ab3251', '04-10-2022', 69.8, 67);
INSERT INTO venta (id, empleado, ISSN, fechaVenta, precioVenta, cantidad) VALUES (159, '33086712J', '442b8084-7ec5-4de8-9206-cab72270ff18', '06-24-2022', 51.17, 99);
INSERT INTO venta (id, empleado, ISSN, fechaVenta, precioVenta, cantidad) VALUES (160, '39522937C', '6b17b2b1-3983-4e38-87b6-6da5cb100ab0', '01-22-2023', 38.27, 40);
INSERT INTO venta (id, empleado, ISSN, fechaVenta, precioVenta, cantidad) VALUES (161, '27113819W', '4fb49388-812f-4808-b7f0-2ab92cbadd87', '07-18-2022', 63.77, 24);
INSERT INTO venta (id, empleado, ISSN, fechaVenta, precioVenta, cantidad) VALUES (162, '51380950L', '843f1b70-98e6-41b9-ab29-f38f447f39d9', '04-10-2022', 21.81, 9);
INSERT INTO venta (id, empleado, ISSN, fechaVenta, precioVenta, cantidad) VALUES (163, '33086712J', '0e23ea19-a8b0-4479-a1b8-66cc56685ff9', '06-24-2022', 5.89, 36);
INSERT INTO venta (id, empleado, ISSN, fechaVenta, precioVenta, cantidad) VALUES (164, '39522937C', '5ac55dc7-18be-4525-9078-cf85c542014e', '01-22-2023', 49.16, 92);
INSERT INTO venta (id, empleado, ISSN, fechaVenta, precioVenta, cantidad) VALUES (165, '27113819W', 'db417d00-eee8-4026-94f4-739ddecb1330', '07-18-2022', 80.37, 16);
INSERT INTO venta (id, empleado, ISSN, fechaVenta, precioVenta, cantidad) VALUES (166, '51380950L', '638e01dc-a163-4210-bcf0-49ff0bfeefb3', '04-10-2022', 27.04, 36);
INSERT INTO venta (id, empleado, ISSN, fechaVenta, precioVenta, cantidad) VALUES (167, '33086712J', '8d3febae-6ca5-4a47-a7e7-c703b10deaf0', '06-24-2022', 88.96, 61);
INSERT INTO venta (id, empleado, ISSN, fechaVenta, precioVenta, cantidad) VALUES (168, '39522937C', '0f93344e-04a6-437b-acf9-06bca135826f', '01-22-2023', 66.46, 29);
INSERT INTO venta (id, empleado, ISSN, fechaVenta, precioVenta, cantidad) VALUES (169, '27113819W', '2035376d-a575-47a5-bf61-abce0f79d81b', '07-18-2022', 69.74, 59);
INSERT INTO venta (id, empleado, ISSN, fechaVenta, precioVenta, cantidad) VALUES (170, '51380950L', '3694571f-33b0-4bb8-906f-e3ae3651c61f', '04-10-2022', 88.34, 53);
INSERT INTO venta (id, empleado, ISSN, fechaVenta, precioVenta, cantidad) VALUES (171, '33086712J', 'abc7357c-3563-4c73-91d5-0d7665eb828a', '06-24-2022', 77.72, 46);
INSERT INTO venta (id, empleado, ISSN, fechaVenta, precioVenta, cantidad) VALUES (172, '39522937C', '40efc27f-65d5-4665-82d1-13ba80f56571', '01-22-2023', 77.46, 48);
INSERT INTO venta (id, empleado, ISSN, fechaVenta, precioVenta, cantidad) VALUES (173, '27113819W', '1b9c9d14-0db8-4cb5-bc2a-80ccbeaed0e4', '07-18-2022', 32.45, 23);
INSERT INTO venta (id, empleado, ISSN, fechaVenta, precioVenta, cantidad) VALUES (174, '51380950L', '51d31f52-25c7-4d01-8a25-8ce3eb07a2a5', '04-10-2022', 14.97, 17);
INSERT INTO venta (id, empleado, ISSN, fechaVenta, precioVenta, cantidad) VALUES (175, '33086712J', 'a6d18882-fb4a-4762-a20e-4c9364a4ba95', '06-24-2022', 78.85, 41);
INSERT INTO venta (id, empleado, ISSN, fechaVenta, precioVenta, cantidad) VALUES (176, '39522937C', '3ca71e01-b198-4a68-a944-b9b26854c700', '01-22-2023', 96.71, 2);
INSERT INTO venta (id, empleado, ISSN, fechaVenta, precioVenta, cantidad) VALUES (177, '27113819W', '96f64c7a-1e1b-4409-b24d-814791347816', '07-18-2022', 18.39, 89);
INSERT INTO venta (id, empleado, ISSN, fechaVenta, precioVenta, cantidad) VALUES (178, '51380950L', '703506b0-cf20-40c4-8439-e5df4f89a192', '04-10-2022', 49.83, 95);
INSERT INTO venta (id, empleado, ISSN, fechaVenta, precioVenta, cantidad) VALUES (179, '33086712J', 'a2de4f28-36fd-4ec5-8c9a-26da18dbb274', '06-24-2022', 4.2, 7);
INSERT INTO venta (id, empleado, ISSN, fechaVenta, precioVenta, cantidad) VALUES (180, '39522937C', '10250ee1-add0-4b28-9299-e3a47b837873', '01-22-2023', 26.74, 92);
INSERT INTO venta (id, empleado, ISSN, fechaVenta, precioVenta, cantidad) VALUES (181, '27113819W', 'c5e4cc60-532a-4928-a9a0-62b7c5907539', '07-18-2022', 12.18, 78);
INSERT INTO venta (id, empleado, ISSN, fechaVenta, precioVenta, cantidad) VALUES (182, '51380950L', 'cc08c45e-866b-4f6c-a751-2feb5a005039', '04-10-2022', 43.22, 48);
INSERT INTO venta (id, empleado, ISSN, fechaVenta, precioVenta, cantidad) VALUES (183, '33086712J', 'a3971cf1-871e-4347-82e9-55943c579f16', '06-24-2022', 43.0, 11);
INSERT INTO venta (id, empleado, ISSN, fechaVenta, precioVenta, cantidad) VALUES (184, '39522937C', '0b1f5dae-0b67-4799-9345-12d0a935e999', '01-22-2023', 24.13, 21);
INSERT INTO venta (id, empleado, ISSN, fechaVenta, precioVenta, cantidad) VALUES (185, '27113819W', '342119e7-645d-40a9-99b4-970dce84f7ac', '07-18-2022', 95.08, 53);
INSERT INTO venta (id, empleado, ISSN, fechaVenta, precioVenta, cantidad) VALUES (186, '51380950L', '00b7d4f8-4991-47a0-b43b-473060601b27', '04-10-2022', 17.37, 50);
INSERT INTO venta (id, empleado, ISSN, fechaVenta, precioVenta, cantidad) VALUES (187, '33086712J', '75ba1269-a78e-479b-a698-3691539cc319', '06-24-2022', 48.1, 52);
INSERT INTO venta (id, empleado, ISSN, fechaVenta, precioVenta, cantidad) VALUES (188, '39522937C', 'b91fbc86-0764-4ea9-98b2-5bcf9e7e9064', '01-22-2023', 38.58, 34);
INSERT INTO venta (id, empleado, ISSN, fechaVenta, precioVenta, cantidad) VALUES (189, '27113819W', 'c9e95d89-2a81-4bc9-9675-05d4e749bad7', '07-18-2022', 75.68, 35);
INSERT INTO venta (id, empleado, ISSN, fechaVenta, precioVenta, cantidad) VALUES (190, '51380950L', '9c5ee514-7bcc-4590-8ac4-66edc5d7e1e3', '04-10-2022', 13.04, 95);
INSERT INTO venta (id, empleado, ISSN, fechaVenta, precioVenta, cantidad) VALUES (191, '33086712J', 'b144ecbc-df50-4726-b77c-3886915ae75f', '06-24-2022', 91.72, 57);
INSERT INTO venta (id, empleado, ISSN, fechaVenta, precioVenta, cantidad) VALUES (192, '39522937C', '5b74a8e0-9229-4ada-a520-1d664dc1093a', '01-22-2023', 44.52, 10);
INSERT INTO venta (id, empleado, ISSN, fechaVenta, precioVenta, cantidad) VALUES (193, '27113819W', '6958e403-fa39-4068-97cd-20c5faa6d6f4', '07-18-2022', 82.1, 10);
INSERT INTO venta (id, empleado, ISSN, fechaVenta, precioVenta, cantidad) VALUES (194, '51380950L', '421e6f53-7750-4465-adba-91f9e535166c', '04-10-2022', 15.31, 44);
INSERT INTO venta (id, empleado, ISSN, fechaVenta, precioVenta, cantidad) VALUES (195, '33086712J', '922f7893-d855-4d93-8eaa-7bdd6868824c', '06-24-2022', 68.0, 21);
INSERT INTO venta (id, empleado, ISSN, fechaVenta, precioVenta, cantidad) VALUES (196, '39522937C', '4b761f4c-9c7a-401a-b6b9-73d440182afa', '01-22-2023', 33.9, 98);
INSERT INTO venta (id, empleado, ISSN, fechaVenta, precioVenta, cantidad) VALUES (197, '27113819W', '1d52a83b-ad24-484d-8153-d60b9dcd7122', '07-18-2022', 41.94, 45);
INSERT INTO venta (id, empleado, ISSN, fechaVenta, precioVenta, cantidad) VALUES (198, '51380950L', '76d03fec-8923-442e-984d-5f26c5063503', '04-10-2022', 84.64, 90);
INSERT INTO venta (id, empleado, ISSN, fechaVenta, precioVenta, cantidad) VALUES (199, '33086712J', '9f3d64ba-91fb-4b3b-956e-0adc0803e09b', '06-24-2022', 80.67, 17);
